-- MySQL dump 10.13  Distrib 5.5.54, for debian-linux-gnu (x86_64)
--
-- Host: localhost    Database: salon_metier
-- ------------------------------------------------------
-- Server version	5.5.54-0+deb8u1

/*!40101 SET @OLD_CHARACTER_SET_CLIENT=@@CHARACTER_SET_CLIENT */;
/*!40101 SET @OLD_CHARACTER_SET_RESULTS=@@CHARACTER_SET_RESULTS */;
/*!40101 SET @OLD_COLLATION_CONNECTION=@@COLLATION_CONNECTION */;
/*!40101 SET NAMES utf8 */;
/*!40103 SET @OLD_TIME_ZONE=@@TIME_ZONE */;
/*!40103 SET TIME_ZONE='+00:00' */;
/*!40014 SET @OLD_UNIQUE_CHECKS=@@UNIQUE_CHECKS, UNIQUE_CHECKS=0 */;
/*!40014 SET @OLD_FOREIGN_KEY_CHECKS=@@FOREIGN_KEY_CHECKS, FOREIGN_KEY_CHECKS=0 */;
/*!40101 SET @OLD_SQL_MODE=@@SQL_MODE, SQL_MODE='NO_AUTO_VALUE_ON_ZERO' */;
/*!40111 SET @OLD_SQL_NOTES=@@SQL_NOTES, SQL_NOTES=0 */;

--
-- Table structure for table `answer`
--

DROP TABLE IF EXISTS `answer`;
/*!40101 SET @saved_cs_client     = @@character_set_client */;
/*!40101 SET character_set_client = utf8 */;
CREATE TABLE `answer` (
  `id` int(11) NOT NULL AUTO_INCREMENT,
  `word` varchar(255) COLLATE utf8_unicode_ci NOT NULL,
  `domain` varchar(255) COLLATE utf8_unicode_ci NOT NULL,
  PRIMARY KEY (`id`),
  KEY `a_dom` (`domain`),
  KEY `a_word` (`word`)
) ENGINE=InnoDB AUTO_INCREMENT=1558 DEFAULT CHARSET=utf8 COLLATE=utf8_unicode_ci;
/*!40101 SET character_set_client = @saved_cs_client */;

--
-- Dumping data for table `answer`
--

LOCK TABLES `answer` WRITE;
/*!40000 ALTER TABLE `answer` DISABLE KEYS */;
INSERT INTO `answer` VALUES (2,'Assister','Administration des entreprises'),(3,'Audit ','Administration des entreprises'),(4,'Bureau','Administration des entreprises'),(5,'Chiffres','Administration des entreprises'),(6,'Collaborateurs','Administration des entreprises'),(7,'Conseils','Administration des entreprises'),(8,'Équipe','Administration des entreprises'),(9,'Gestion','Administration des entreprises'),(10,'Intérieur','Administration des entreprises'),(11,'Logiciels','Administration des entreprises'),(12,'Manager','Administration des entreprises'),(13,'Ordinateur','Administration des entreprises'),(14,'Organisation','Administration des entreprises'),(15,'Rigueur','Administration des entreprises'),(16,'Services','Administration des entreprises'),(17,'Tertiaire','Administration des entreprises'),(18,'Agriculture','Animaux, végétaux, agroalimentaire, services'),(19,'Agroalimentaire','Animaux, végétaux, agroalimentaire, services'),(20,'Alimentaire','Animaux, végétaux, agroalimentaire, services'),(21,'Aménagement','Animaux, végétaux, agroalimentaire, services'),(22,'Animalerie','Animaux, végétaux, agroalimentaire, services'),(23,'Animaux','Animaux, végétaux, agroalimentaire, services'),(24,'Arbre','Animaux, végétaux, agroalimentaire, services'),(25,'Bio','Animaux, végétaux, agroalimentaire, services'),(26,'Bois','Animaux, végétaux, agroalimentaire, services'),(27,'Champs','Animaux, végétaux, agroalimentaire, services'),(28,'Chat','Animaux, végétaux, agroalimentaire, services'),(29,'Cheval','Animaux, végétaux, agroalimentaire, services'),(30,'Chien','Animaux, végétaux, agroalimentaire, services'),(31,'Clients','Animaux, végétaux, agroalimentaire, services'),(32,'Commerce','Animaux, végétaux, agroalimentaire, services'),(33,'Cultiver','Animaux, végétaux, agroalimentaire, services'),(34,'Élever','Animaux, végétaux, agroalimentaire, services'),(35,'Extérieur','Animaux, végétaux, agroalimentaire, services'),(36,'Fleurs','Animaux, végétaux, agroalimentaire, services'),(37,'Forêt','Animaux, végétaux, agroalimentaire, services'),(38,'Graines','Animaux, végétaux, agroalimentaire, services'),(39,'Industrie','Animaux, végétaux, agroalimentaire, services'),(40,'Lait','Animaux, végétaux, agroalimentaire, services'),(41,'Nature','Animaux, végétaux, agroalimentaire, services'),(42,'Nourrir','Animaux, végétaux, agroalimentaire, services'),(43,'Nouveaux animaux de compagnie','Animaux, végétaux, agroalimentaire, services'),(44,'Passion','Animaux, végétaux, agroalimentaire, services'),(45,'Paysage','Animaux, végétaux, agroalimentaire, services'),(46,'Planter','Animaux, végétaux, agroalimentaire, services'),(47,'Plantes','Animaux, végétaux, agroalimentaire, services'),(48,'Produire','Animaux, végétaux, agroalimentaire, services'),(49,'Services','Animaux, végétaux, agroalimentaire, services'),(50,'Soigner','Animaux, végétaux, agroalimentaire, services'),(51,'Terre','Animaux, végétaux, agroalimentaire, services'),(52,'Traire','Animaux, végétaux, agroalimentaire, services'),(53,'Transformation','Animaux, végétaux, agroalimentaire, services'),(54,'Vache','Animaux, végétaux, agroalimentaire, services'),(55,'Végétaux','Animaux, végétaux, agroalimentaire, services'),(56,'Viande','Animaux, végétaux, agroalimentaire, services'),(57,'Volailles','Animaux, végétaux, agroalimentaire, services'),(58,'Botanique','Art floral'),(59,'Bourgeon','Art floral'),(60,'Fleur','Art floral'),(61,'Graines','Art floral'),(62,'Parfum','Art floral'),(63,'Pétale','Art floral'),(64,'Pistil','Art floral'),(65,'Art monumental','Art mural'),(66,'Art mural','Art mural'),(67,'Artistique','Art mural'),(68,'Décoration','Art mural'),(69,'Dessin','Art mural'),(70,'Fresques','Art mural'),(71,'Graff','Art mural'),(72,'Illustration','Art mural'),(73,'Ornementation','Art mural'),(74,'Peinture','Art mural'),(75,'Spectacle lumière','Art mural'),(76,'Street art','Art mural'),(77,'Trompe-l\'oeil','Art mural'),(78,'Analyse','Automobile, camion, deux roues'),(79,'Après-vente','Automobile, camion, deux roues'),(80,'Clients','Automobile, camion, deux roues'),(81,'Commerce','Automobile, camion, deux roues'),(82,'Diagnostic','Automobile, camion, deux roues'),(83,'Électronique','Automobile, camion, deux roues'),(84,'Équipe','Automobile, camion, deux roues'),(85,'Garage','Automobile, camion, deux roues'),(86,'Habileté manuelle','Automobile, camion, deux roues'),(87,'Logiciels','Automobile, camion, deux roues'),(88,'Maintenance','Automobile, camion, deux roues'),(89,'Moteur','Automobile, camion, deux roues'),(90,'Nouvelles technologies','Automobile, camion, deux roues'),(91,'Outil','Automobile, camion, deux roues'),(93,'Panne','Automobile, camion, deux roues'),(94,'Pneu','Automobile, camion, deux roues'),(95,'Réglage','Automobile, camion, deux roues'),(96,'Réparer','Automobile, camion, deux roues'),(97,'Services','Automobile, camion, deux roues'),(99,'Technicien','Automobile, camion, deux roues'),(100,'Technique','Automobile, camion, deux roues'),(101,'Accueil','Banque'),(102,'Analyse','Banque'),(103,'Anglais','Banque'),(104,'Chiffres','Banque'),(105,'Clients','Banque'),(106,'Compter','Banque'),(107,'Droit','Banque'),(108,'Gestion de comptes','Banque'),(109,'Investissements','Banque'),(110,'Logiciels','Banque'),(111,'Marchés','Banque'),(112,'Mathématiques','Banque'),(113,'Numérique','Banque'),(114,'Organiser','Banque'),(115,'Planifier','Banque'),(116,'Produit financier','Banque'),(117,'Rigueur','Banque'),(118,'Risques','Banque'),(119,'Spéculation','Banque'),(120,'Stratégie','Banque'),(121,'Synthétiser','Banque'),(122,'Trader','Banque'),(123,'Acoustique','Bâtiment'),(124,'Aluminium','Bâtiment'),(125,'Apprentissage','Bâtiment'),(126,'Architecture','Bâtiment'),(127,'Ardoise','Bâtiment'),(128,'Artisanat','Bâtiment'),(129,'Banches','Bâtiment'),(130,'Bardage','Bâtiment'),(131,'Béton','Bâtiment'),(132,'Btp','Bâtiment'),(133,'Céramique','Bâtiment'),(134,'Chantier','Bâtiment'),(135,'Chauffage','Bâtiment'),(136,'Climatisation','Bâtiment'),(137,'Cloison','Bâtiment'),(138,'Coffrage','Bâtiment'),(139,'Consommation énergétique','Bâtiment'),(140,'Construction','Bâtiment'),(141,'Construire','Bâtiment'),(142,'Cordiste','Bâtiment'),(143,'Coulage','Bâtiment'),(144,'Dalle','Bâtiment'),(145,'Décors','Bâtiment'),(146,'Démolition','Bâtiment'),(147,'Dessin technique','Bâtiment'),(148,'Développement durable','Bâtiment'),(149,'Domotique','Bâtiment'),(150,'Éclairage','Bâtiment'),(151,'Enduit','Bâtiment'),(152,'Engins de chantier','Bâtiment'),(153,'Escalier','Bâtiment'),(154,'Étanchéité','Bâtiment'),(155,'Façade','Bâtiment'),(156,'Finition','Bâtiment'),(157,'Fondation','Bâtiment'),(158,'Fresques','Bâtiment'),(159,'Géométrie','Bâtiment'),(160,'Grue','Bâtiment'),(161,'Immeuble','Bâtiment'),(162,'Isolation','Bâtiment'),(163,'Joint','Bâtiment'),(164,'Logement','Bâtiment'),(165,'Maintenance','Bâtiment'),(166,'Marbre','Bâtiment'),(167,'Matériaux','Bâtiment'),(168,'Métallique','Bâtiment'),(169,'Monuments historiques','Bâtiment'),(170,'Moquette','Bâtiment'),(171,'Mur','Bâtiment'),(172,'Nivellement','Bâtiment'),(173,'Ossature bois','Bâtiment'),(174,'Ouvrage','Bâtiment'),(175,'Patrimoine','Bâtiment'),(176,'Pelle','Bâtiment'),(177,'Pelleteuse','Bâtiment'),(178,'Pierre','Bâtiment'),(179,'Plan','Bâtiment'),(180,'Plancher','Bâtiment'),(181,'Planning','Bâtiment'),(182,'Pvc','Bâtiment'),(183,'Ramonage','Bâtiment'),(184,'Réception','Bâtiment'),(185,'Rénovation','Bâtiment'),(186,'Restauration','Bâtiment'),(187,'Revêtement','Bâtiment'),(188,'Savoir-faire','Bâtiment'),(189,'Sol','Bâtiment'),(190,'Staff','Bâtiment'),(191,'Surface','Bâtiment'),(192,'Terrasse','Bâtiment'),(193,'Terrassements','Bâtiment'),(194,'Toit','Bâtiment'),(195,'Travaux','Bâtiment'),(196,'Tuile','Bâtiment'),(197,'Ventilation','Bâtiment'),(198,'Vitre','Bâtiment'),(199,'Zinc','Bâtiment'),(200,'Achat','Carrières et matériaux de construction'),(201,'Béton','Carrières et matériaux de construction'),(202,'Chantier','Carrières et matériaux de construction'),(203,'Commerce','Carrières et matériaux de construction'),(204,'Conduite','Carrières et matériaux de construction'),(205,'Engins de chantier','Carrières et matériaux de construction'),(206,'Extérieur','Carrières et matériaux de construction'),(207,'Extraction','Carrières et matériaux de construction'),(208,'Génie civil','Carrières et matériaux de construction'),(209,'Géologie','Carrières et matériaux de construction'),(210,'Industrie','Carrières et matériaux de construction'),(211,'Innovation','Carrières et matériaux de construction'),(212,'Machines','Carrières et matériaux de construction'),(213,'Maintenance','Carrières et matériaux de construction'),(214,'Matériaux','Carrières et matériaux de construction'),(215,'Minéraux','Carrières et matériaux de construction'),(216,'Négocier','Carrières et matériaux de construction'),(217,'Pierre','Carrières et matériaux de construction'),(218,'Piloter','Carrières et matériaux de construction'),(219,'Polir','Carrières et matériaux de construction'),(220,'Roches','Carrières et matériaux de construction'),(221,'Scier','Carrières et matériaux de construction'),(222,'Territoire','Carrières et matériaux de construction'),(223,'Acheter','Chimie'),(224,'Adaptation','Chimie'),(225,'Améliorer','Chimie'),(226,'Analyse','Chimie'),(227,'Appels d\'offre','Chimie'),(228,'Approvisionnement','Chimie'),(229,'Atelier','Chimie'),(230,'Audit','Chimie'),(231,'Automatisme','Chimie'),(232,'Biodiversité','Chimie'),(233,'Circuit','Chimie'),(234,'Clients','Chimie'),(235,'Commande','Chimie'),(236,'Commerce','Chimie'),(237,'Conduite','Chimie'),(238,'Contrôle','Chimie'),(239,'Créativité','Chimie'),(240,'Créer ','Chimie'),(241,'Déchets','Chimie'),(242,'Découverte','Chimie'),(243,'Dépannage','Chimie'),(244,'Développement','Chimie'),(245,'Devis','Chimie'),(246,'Échantillon','Chimie'),(247,'Énergie','Chimie'),(248,'Environnement','Chimie'),(249,'Équipe','Chimie'),(250,'Équipements','Chimie'),(251,'Expériences','Chimie'),(252,'Expérimentation','Chimie'),(253,'Expérimenter','Chimie'),(254,'Explorer','Chimie'),(255,'Export','Chimie'),(256,'Formule','Chimie'),(257,'Fournisseur','Chimie'),(258,'Humain','Chimie'),(259,'Idée','Chimie'),(260,'Industrie','Chimie'),(261,'Initiative','Chimie'),(262,'Innovation','Chimie'),(263,'Inspection','Chimie'),(264,'Installation','Chimie'),(265,'Instrumentation','Chimie'),(266,'International','Chimie'),(267,'Laboratoire','Chimie'),(268,'Management','Chimie'),(269,'Matériaux','Chimie'),(270,'Matières','Chimie'),(271,'Méthodes','Chimie'),(272,'Molécule','Chimie'),(273,'Monde','Chimie'),(274,'Nature','Chimie'),(275,'Négociation','Chimie'),(276,'Norme','Chimie'),(277,'Performance','Chimie'),(278,'Piloter','Chimie'),(279,'Planète','Chimie'),(280,'Planification','Chimie'),(281,'Polyvalence','Chimie'),(282,'Posté','Chimie'),(283,'Pratique','Chimie'),(284,'Précision','Chimie'),(285,'Prévention','Chimie'),(286,'Procédés ','Chimie'),(287,'Procédures','Chimie'),(288,'Production','Chimie'),(289,'Productivité','Chimie'),(290,'Produit','Chimie'),(291,'Prospection','Chimie'),(292,'Protection','Chimie'),(293,'Qualification','Chimie'),(294,'Qualité','Chimie'),(295,'Rapport','Chimie'),(296,'Réaction','Chimie'),(297,'Recherche','Chimie'),(298,'Recherche et développement','Chimie'),(299,'Reconnaissance','Chimie'),(300,'Réglementaire','Chimie'),(301,'Régulation','Chimie'),(302,'Responsabilité','Chimie'),(303,'Résultats','Chimie'),(304,'Rigueur','Chimie'),(305,'Sciences','Chimie'),(306,'Sécurité','Chimie'),(307,'Solutions','Chimie'),(308,'Sous-traitant','Chimie'),(309,'Supervision','Chimie'),(310,'Technique','Chimie'),(311,'Technologie','Chimie'),(312,'Terrains','Chimie'),(313,'Terre','Chimie'),(314,'Théorie','Chimie'),(315,'Transformation','Chimie'),(316,'Transport','Chimie'),(317,'Travaux','Chimie'),(318,'Beauté','Coiffure'),(319,'Chapeau','Coiffure'),(320,'Cheveux','Coiffure'),(321,'Chignon','Coiffure'),(322,'Clients','Coiffure'),(323,'Coiffe','Coiffure'),(324,'Commerce','Coiffure'),(325,'Conseils','Coiffure'),(326,'Crête','Coiffure'),(327,'Écoute','Coiffure'),(328,'Esthétisme','Coiffure'),(329,'Soins','Coiffure'),(330,'Tresse','Coiffure'),(331,'Agent de sécurité','Commerce, grande distribution'),(332,'Boucher','Commerce, grande distribution'),(333,'Boulanger','Commerce, grande distribution'),(334,'Caisses','Commerce, grande distribution'),(335,'Charcutier','Commerce, grande distribution'),(336,'Commerce','Commerce, grande distribution'),(337,'Drive','Commerce, grande distribution'),(338,'E-commerce','Commerce, grande distribution'),(339,'Entreprises','Commerce, grande distribution'),(340,'Épicerie','Commerce, grande distribution'),(341,'Ggs','Commerce, grande distribution'),(342,'Grande surface','Commerce, grande distribution'),(343,'Gsa','Commerce, grande distribution'),(344,'Gsb','Commerce, grande distribution'),(345,'Hypermarché','Commerce, grande distribution'),(346,'International','Commerce, grande distribution'),(347,'Internet','Commerce, grande distribution'),(348,'Logistique','Commerce, grande distribution'),(349,'Magasins de proximité','Commerce, grande distribution'),(350,'Marketing','Commerce, grande distribution'),(351,'Métiers de bouche','Commerce, grande distribution'),(352,'Négociation','Commerce, grande distribution'),(353,'Poissons','Commerce, grande distribution'),(354,'Rayons','Commerce, grande distribution'),(355,'Supérette','Commerce, grande distribution'),(356,'Supermarchés','Commerce, grande distribution'),(357,'Traiteur','Commerce, grande distribution'),(358,'Vendeurs','Commerce, grande distribution'),(359,'Vente','Commerce, grande distribution'),(360,'Acheter','Commerce b to b'),(361,'Adaptabilité','Commerce b to b'),(362,'Anglais','Commerce b to b'),(363,'Approvisionnement','Commerce b to b'),(364,'Assister','Commerce b to b'),(365,'Autonomie','Commerce b to b'),(366,'Bureau','Commerce b to b'),(367,'Clients','Commerce b to b'),(368,'Commerce','Commerce b to b'),(369,'Déplacements','Commerce b to b'),(370,'Exporter','Commerce b to b'),(371,'Gestion','Commerce b to b'),(372,'Gestion des stocks','Commerce b to b'),(373,'Importer','Commerce b to b'),(374,'Langues étrangères','Commerce b to b'),(375,'Logistique','Commerce b to b'),(376,'Maintenance','Commerce b to b'),(377,'Organisation','Commerce b to b'),(378,'Polyvalence','Commerce b to b'),(379,'Prospection','Commerce b to b'),(380,'Qualité','Commerce b to b'),(381,'Relationnel','Commerce b to b'),(382,'Rigueur','Commerce b to b'),(383,'Sécurité','Commerce b to b'),(384,'Stocks','Commerce b to b'),(385,'Téléphone','Commerce b to b'),(386,'Vente','Commerce b to b'),(387,'Analyse','Conseil'),(388,'Appels d\'offre','Conseil'),(389,'Audit','Conseil'),(390,'Bureau','Conseil'),(391,'Classer','Conseil'),(392,'Clients','Conseil'),(394,'Coach','Conseil'),(395,'Codification','Conseil'),(396,'Consulting','Conseil'),(397,'Conviction','Conseil'),(398,'Digital','Conseil'),(399,'Enquêtes','Conseil'),(400,'Équipe','Conseil'),(401,'Études','Conseil'),(402,'Évaluer','Conseil'),(403,'Expertise','Conseil'),(404,'Management','Conseil'),(405,'Marketing','Conseil'),(406,'Méthodologie','Conseil'),(407,'Opinion','Conseil'),(408,'Projets','Conseil'),(409,'Prospection','Conseil'),(410,'Recrutement','Conseil'),(411,'Statistiques','Conseil'),(412,'Synthèse','Conseil'),(413,'Abnégation','Défense'),(414,'Anticipation','Défense'),(415,'Cadre','Défense'),(416,'Combattant','Défense'),(417,'Dépassement','Défense'),(418,'Discipline','Défense'),(419,'Dissuasion','Défense'),(420,'Éloignement','Défense'),(421,'Engagement','Défense'),(422,'Esprit d’équipe','Défense'),(423,'Intervention','Défense'),(424,'Maîtrise de soi','Défense'),(425,'Mobilité','Défense'),(426,'Motivation','Défense'),(427,'Paix','Défense'),(428,'Pilote','Défense'),(429,'Prévention','Défense'),(430,'Projection','Défense'),(431,'Protection','Défense'),(432,'Renseignement','Défense'),(433,'Rigueur','Défense'),(434,'Risques','Défense'),(435,'Sécurité','Défense'),(436,'Sentinelle','Défense'),(437,'Soldat','Défense'),(438,'Technicien','Défense'),(439,'Animation','Dessin'),(440,'Art','Dessin'),(441,'Artistique','Dessin'),(442,'Couleurs','Dessin'),(443,'Crayon','Dessin'),(444,'Création','Dessin'),(445,'Décorer','Dessin'),(446,'Édition','Dessin'),(447,'Identité visuelle','Dessin'),(448,'Illustrer','Dessin'),(449,'Jeux vidéos','Dessin'),(450,'Lumière','Dessin'),(451,'Multimédia','Dessin'),(452,'Presse','Dessin'),(453,'Publicité','Dessin'),(454,'Sens artistique','Dessin'),(455,'Talent','Dessin'),(456,'Alimentation','Diététique'),(457,'Conseils','Diététique'),(458,'Diététique','Diététique'),(459,'Écoute','Diététique'),(460,'Régimes','Diététique'),(461,'Sport','Diététique'),(462,'Animaux','Environnement et développement durable'),(463,'Bâtiment','Environnement et développement durable'),(464,'Bim','Environnement et développement durable'),(465,'Bio','Environnement et développement durable'),(466,'Chaleur','Environnement et développement durable'),(467,'Chauffage','Environnement et développement durable'),(468,'Consommation énergétique','Environnement et développement durable'),(469,'Écologie','Environnement et développement durable'),(470,'Efficacité énergétique','Environnement et développement durable'),(471,'Électrique','Environnement et développement durable'),(472,'Environnement','Environnement et développement durable'),(473,'Faune','Environnement et développement durable'),(474,'Flore','Environnement et développement durable'),(475,'Nature','Environnement et développement durable'),(476,'Photovoltaïque','Environnement et développement durable'),(477,'Rt','Environnement et développement durable'),(478,'Sobriété','Environnement et développement durable'),(479,'Solaire','Environnement et développement durable'),(480,'Thermique','Environnement et développement durable'),(481,'Ventilation','Environnement et développement durable'),(482,'Appliqué','Esthétique, bien-être, parfumerie'),(483,'Beauté','Esthétique, bien-être, parfumerie'),(484,'Clients','Esthétique, bien-être, parfumerie'),(485,'Commerce','Esthétique, bien-être, parfumerie'),(486,'Conseils','Esthétique, bien-être, parfumerie'),(487,'Corps','Esthétique, bien-être, parfumerie'),(488,'Cosmétiques','Esthétique, bien-être, parfumerie'),(489,'Créativité','Esthétique, bien-être, parfumerie'),(490,'Crème','Esthétique, bien-être, parfumerie'),(491,'Écoute','Esthétique, bien-être, parfumerie'),(492,'Épilation','Esthétique, bien-être, parfumerie'),(493,'Institut','Esthétique, bien-être, parfumerie'),(494,'Manucure','Esthétique, bien-être, parfumerie'),(495,'Maquillages','Esthétique, bien-être, parfumerie'),(496,'Massages','Esthétique, bien-être, parfumerie'),(497,'Parfumerie','Esthétique, bien-être, parfumerie'),(498,'Soins','Esthétique, bien-être, parfumerie'),(499,'Spa','Esthétique, bien-être, parfumerie'),(500,'Thalassothérapie','Esthétique, bien-être, parfumerie'),(501,'Vernis','Esthétique, bien-être, parfumerie'),(502,'Analyse','Etudes'),(503,'Chiffres','Etudes'),(504,'Conseils','Etudes'),(505,'Enquêtes','Etudes'),(506,'Études de marché','Etudes'),(507,'Marketing','Etudes'),(508,'Opinion','Etudes'),(509,'Ordinateur','Etudes'),(510,'Services','Etudes'),(511,'Sondage','Etudes'),(512,'Statistiques','Etudes'),(513,'Téléphone','Etudes'),(514,'Allemagne','Europe et international'),(515,'Bade-wurtemberg','Europe et international'),(516,'Bois','Europe et international'),(517,'Canada','Europe et international'),(518,'Concret','Europe et international'),(519,'Hospitalité','Europe et international'),(520,'Hôtellier','Europe et international'),(521,'Industriel','Europe et international'),(522,'Malopolska','Europe et international'),(523,'Personnalité','Europe et international'),(524,'Pologne','Europe et international'),(525,'Pratique','Europe et international'),(526,'Professionnalisme','Europe et international'),(527,'Québec','Europe et international'),(528,'Stages','Europe et international'),(529,'Technique','Europe et international'),(530,'Technologie','Europe et international'),(531,'Tourisme','Europe et international'),(532,'Touriste','Europe et international'),(533,'Accompagnement','Evénement'),(534,'Adaptabilité','Evénement'),(535,'Anglais','Evénement'),(536,'Autonomie','Evénement'),(537,'Bureautique','Evénement'),(538,'Commerce','Evénement'),(539,'Communication','Evénement'),(540,'Congrès','Evénement'),(541,'Crm','Evénement'),(542,'Disponibilité','Evénement'),(543,'Festival','Evénement'),(544,'Foire','Evénement'),(545,'Logistique','Evénement'),(546,'Management','Evénement'),(547,'Négocier','Evénement'),(548,'Numérique','Evénement'),(549,'Organisation','Evénement'),(550,'Palais des congrès','Evénement'),(551,'Parc des expositions','Evénement'),(552,'Polyvalence','Evénement'),(553,'Relation client','Evénement'),(554,'Salon','Evénement'),(555,'Soirée','Evénement'),(556,'Stand','Evénement'),(557,'Stress','Evénement'),(558,'Vente','Evénement'),(559,'Webmarketing','Evénement'),(560,'Arbre','Forêt, bois, ameublement'),(561,'Bâtiment','Forêt, bois, ameublement'),(562,'Bois','Forêt, bois, ameublement'),(563,'Charpentier','Forêt, bois, ameublement'),(564,'Confection','Forêt, bois, ameublement'),(565,'Construction','Forêt, bois, ameublement'),(567,'Écologie','Forêt, bois, ameublement'),(568,'Environnement','Forêt, bois, ameublement'),(569,'Extérieur','Forêt, bois, ameublement'),(570,'Fabrication','Forêt, bois, ameublement'),(571,'Forêt','Forêt, bois, ameublement'),(572,'Industrie','Forêt, bois, ameublement'),(573,'Machines à commandes numérique','Forêt, bois, ameublement'),(574,'Maison','Forêt, bois, ameublement'),(575,'Marqueterie','Forêt, bois, ameublement'),(576,'Menuisier','Forêt, bois, ameublement'),(577,'Meubles','Forêt, bois, ameublement'),(578,'Nature','Forêt, bois, ameublement'),(579,'Pilotage','Forêt, bois, ameublement'),(580,'Scierie','Forêt, bois, ameublement'),(581,'Abnégation','Gendarmerie nationale'),(582,'Administration','Gendarmerie nationale'),(583,'Anticipation','Gendarmerie nationale'),(584,'Cadre','Gendarmerie nationale'),(585,'Chien','Gendarmerie nationale'),(586,'Dépassement','Gendarmerie nationale'),(587,'Discipline','Gendarmerie nationale'),(588,'Dissuasion','Gendarmerie nationale'),(589,'Éloignement','Gendarmerie nationale'),(590,'Engagement','Gendarmerie nationale'),(591,'Enquêter','Gendarmerie nationale'),(592,'Esprit d’équipe','Gendarmerie nationale'),(593,'Finances','Gendarmerie nationale'),(594,'Gestion','Gendarmerie nationale'),(595,'Intervention','Gendarmerie nationale'),(596,'Logistique','Gendarmerie nationale'),(597,'Lutte contre la délinquance','Gendarmerie nationale'),(598,'Lutte contre le terrorisme et le banditisme','Gendarmerie nationale'),(599,'Maîtrise de soi','Gendarmerie nationale'),(600,'Mobilité','Gendarmerie nationale'),(601,'Motivation','Gendarmerie nationale'),(602,'Paix','Gendarmerie nationale'),(603,'Pilote','Gendarmerie nationale'),(604,'Prévention','Gendarmerie nationale'),(605,'Protection','Gendarmerie nationale'),(606,'Protection des biens et des personnes','Gendarmerie nationale'),(607,'Renseignement','Gendarmerie nationale'),(608,'Résistance','Gendarmerie nationale'),(609,'Rigueur','Gendarmerie nationale'),(610,'Risques','Gendarmerie nationale'),(611,'Scientifique','Gendarmerie nationale'),(612,'Sécurité','Gendarmerie nationale'),(613,'Sentinelle','Gendarmerie nationale'),(614,'Stress','Gendarmerie nationale'),(615,'Technicien','Gendarmerie nationale'),(616,'Accueil','Hôtellerie, restauration'),(617,'Adaptabilité','Hôtellerie, restauration'),(618,'Aisance relationnelle','Hôtellerie, restauration'),(619,'Anglais','Hôtellerie, restauration'),(620,'Approvisionnement','Hôtellerie, restauration'),(621,'Arômes','Hôtellerie, restauration'),(622,'Arts de la table','Hôtellerie, restauration'),(623,'Bar','Hôtellerie, restauration'),(624,'Bistrot','Hôtellerie, restauration'),(625,'Brasserie','Hôtellerie, restauration'),(626,'Café','Hôtellerie, restauration'),(627,'Chaleur','Hôtellerie, restauration'),(628,'Châteaux','Hôtellerie, restauration'),(629,'Commercialisation','Hôtellerie, restauration'),(630,'Convivialité','Hôtellerie, restauration'),(631,'Créativité','Hôtellerie, restauration'),(632,'Desserts','Hôtellerie, restauration'),(633,'Dextérité','Hôtellerie, restauration'),(634,'Diplomatie','Hôtellerie, restauration'),(635,'Discothèque','Hôtellerie, restauration'),(636,'Discrétion ','Hôtellerie, restauration'),(637,'Efficacité','Hôtellerie, restauration'),(638,'Encadrer','Hôtellerie, restauration'),(639,'Facturer','Hôtellerie, restauration'),(640,'Gastronomie','Hôtellerie, restauration'),(641,'Gestion','Hôtellerie, restauration'),(642,'Goût','Hôtellerie, restauration'),(643,'Hôtel','Hôtellerie, restauration'),(644,'Hygiène','Hôtellerie, restauration'),(645,'Langues étrangères','Hôtellerie, restauration'),(646,'Œnologie','Hôtellerie, restauration'),(647,'Palace','Hôtellerie, restauration'),(648,'Polyvalence','Hôtellerie, restauration'),(649,'Rapidité','Hôtellerie, restauration'),(650,'Réception','Hôtellerie, restauration'),(651,'Renseigner','Hôtellerie, restauration'),(652,'Résistance','Hôtellerie, restauration'),(653,'Rigueur','Hôtellerie, restauration'),(654,'Saveurs','Hôtellerie, restauration'),(655,'Sécurité alimentaire','Hôtellerie, restauration'),(656,'Séjour','Hôtellerie, restauration'),(657,'Sens du client','Hôtellerie, restauration'),(658,'Sens du service','Hôtellerie, restauration'),(659,'Stocks','Hôtellerie, restauration'),(660,'Travail de nuit','Hôtellerie, restauration'),(661,'Vente','Hôtellerie, restauration'),(662,'Vins','Hôtellerie, restauration'),(663,'Aéroports','Hygiène, propreté, environnement'),(664,'Alternance','Hygiène, propreté, environnement'),(665,'Apprentissage','Hygiène, propreté, environnement'),(666,'Assainissement','Hygiène, propreté, environnement'),(667,'Autonomie','Hygiène, propreté, environnement'),(668,'Cinémas','Hygiène, propreté, environnement'),(669,'Commercialisation','Hygiène, propreté, environnement'),(670,'Décontamination chimique, biologique','Hygiène, propreté, environnement'),(671,'Désinfection','Hygiène, propreté, environnement'),(672,'Encadrer','Hygiène, propreté, environnement'),(673,'Entreprises industrielles','Hygiène, propreté, environnement'),(674,'Entretien','Hygiène, propreté, environnement'),(675,'Évolution professionnelle','Hygiène, propreté, environnement'),(676,'Gestion des déchets','Hygiène, propreté, environnement'),(677,'Gymnases','Hygiène, propreté, environnement'),(678,'Hôpitaux','Hygiène, propreté, environnement'),(679,'Musées','Hygiène, propreté, environnement'),(680,'Nettoyage','Hygiène, propreté, environnement'),(681,'Propreté urbaine','Hygiène, propreté, environnement'),(682,'Qualité sécurité environnement','Hygiène, propreté, environnement'),(683,'Relation client','Hygiène, propreté, environnement'),(684,'Rigueur','Hygiène, propreté, environnement'),(685,'Technique','Hygiène, propreté, environnement'),(686,'Bailleur','Immobilier'),(687,'Clients','Immobilier'),(688,'Commerce','Immobilier'),(689,'Conseils','Immobilier'),(690,'Copropriété','Immobilier'),(691,'Diagnostiquer','Immobilier'),(692,'Droit','Immobilier'),(693,'État des lieux','Immobilier'),(694,'Évaluer','Immobilier'),(695,'Expertise','Immobilier'),(696,'Fonds de commerce','Immobilier'),(697,'Gestion immobilière','Immobilier'),(698,'Honoraires','Immobilier'),(699,'Location','Immobilier'),(700,'Lotissements','Immobilier'),(701,'Louer','Immobilier'),(702,'Mandater','Immobilier'),(703,'Négocier','Immobilier'),(704,'Patrimoine','Immobilier'),(705,'Promoteur','Immobilier'),(706,'Réglementation','Immobilier'),(707,'Terrains','Immobilier'),(708,'Vente','Immobilier'),(710,'Viagers','Immobilier'),(711,'Atome','Industrie nucléaire'),(712,'Attitude interrogative','Industrie nucléaire'),(713,'Autonomie','Industrie nucléaire'),(714,'Centrale nucléaire','Industrie nucléaire'),(715,'Contrôle non destructif','Industrie nucléaire'),(716,'Électricité','Industrie nucléaire'),(717,'Énergie','Industrie nucléaire'),(718,'Exemplarité','Industrie nucléaire'),(719,'Industrie','Industrie nucléaire'),(720,'Maintenance','Industrie nucléaire'),(721,'Méthode ','Industrie nucléaire'),(722,'Mobilité','Industrie nucléaire'),(723,'Nucléaire','Industrie nucléaire'),(724,'Physique','Industrie nucléaire'),(725,'Procédures','Industrie nucléaire'),(726,'Recyclage','Industrie nucléaire'),(727,'Rigueur','Industrie nucléaire'),(728,'Risques','Industrie nucléaire'),(729,'Sécurité','Industrie nucléaire'),(730,'Sens de la communication','Industrie nucléaire'),(731,'Sûreté','Industrie nucléaire'),(732,'Transparence','Industrie nucléaire'),(733,'Travail en équipe','Industrie nucléaire'),(734,'Uranium','Industrie nucléaire'),(735,'Beaux livres','Industries de l\'impression et de la communication graphique'),(736,'Brief','Industries de l\'impression et de la communication graphique'),(737,'Clients','Industries de l\'impression et de la communication graphique'),(738,'Communication','Industries de l\'impression et de la communication graphique'),(739,'Conception technique','Industries de l\'impression et de la communication graphique'),(740,'Couleurs','Industries de l\'impression et de la communication graphique'),(741,'Coupe','Industries de l\'impression et de la communication graphique'),(742,'Data','Industries de l\'impression et de la communication graphique'),(743,'Éco-conception','Industries de l\'impression et de la communication graphique'),(744,'Encartage','Industries de l\'impression et de la communication graphique'),(745,'Enluminure','Industries de l\'impression et de la communication graphique'),(746,'Environnement','Industries de l\'impression et de la communication graphique'),(747,'Étiquettes ','Industries de l\'impression et de la communication graphique'),(748,'Fabrication','Industries de l\'impression et de la communication graphique'),(749,'Finition','Industries de l\'impression et de la communication graphique'),(750,'Flexographie','Industries de l\'impression et de la communication graphique'),(751,'Graphisme','Industries de l\'impression et de la communication graphique'),(752,'Héliogravure','Industries de l\'impression et de la communication graphique'),(753,'Illustration','Industries de l\'impression et de la communication graphique'),(754,'Impression','Industries de l\'impression et de la communication graphique'),(755,'Impression numérique','Industries de l\'impression et de la communication graphique'),(756,'Industrie','Industries de l\'impression et de la communication graphique'),(757,'Infographie','Industries de l\'impression et de la communication graphique'),(758,'Libraire','Industries de l\'impression et de la communication graphique'),(759,'Magazine','Industries de l\'impression et de la communication graphique'),(760,'Mise en page','Industries de l\'impression et de la communication graphique'),(761,'Offset ','Industries de l\'impression et de la communication graphique'),(762,'Packaging ','Industries de l\'impression et de la communication graphique'),(763,'Pao','Industries de l\'impression et de la communication graphique'),(764,'Papier ','Industries de l\'impression et de la communication graphique'),(765,'Photogravure','Industries de l\'impression et de la communication graphique'),(766,'Plan média','Industries de l\'impression et de la communication graphique'),(767,'Pliage','Industries de l\'impression et de la communication graphique'),(768,'Plurimédia','Industries de l\'impression et de la communication graphique'),(769,'Prépresse','Industries de l\'impression et de la communication graphique'),(770,'Presse','Industries de l\'impression et de la communication graphique'),(771,'Print','Industries de l\'impression et de la communication graphique'),(772,'Qualité','Industries de l\'impression et de la communication graphique'),(773,'Recherche et développement','Industries de l\'impression et de la communication graphique'),(774,'Recyclage','Industries de l\'impression et de la communication graphique'),(775,'Reliure','Industries de l\'impression et de la communication graphique'),(776,'Routage','Industries de l\'impression et de la communication graphique'),(777,'Sérigraphie','Industries de l\'impression et de la communication graphique'),(778,'Tablette interactive','Industries de l\'impression et de la communication graphique'),(779,'Tirages','Industries de l\'impression et de la communication graphique'),(780,'Typographie','Industries de l\'impression et de la communication graphique'),(781,'Webdesign','Industries de l\'impression et de la communication graphique'),(782,'Webmarketing','Industries de l\'impression et de la communication graphique'),(783,'Administration','Industries de santé'),(784,'Biotechnologies','Industries de santé'),(785,'Chercheur','Industries de santé'),(786,'Chimie ','Industries de santé'),(787,'Commercialisation','Industries de santé'),(788,'Fabriquer','Industries de santé'),(789,'Industrie','Industries de santé'),(790,'Innovation','Industries de santé'),(791,'Maladie','Industries de santé'),(792,'Médical','Industries de santé'),(793,'Médicaments','Industries de santé'),(794,'Pharmacie','Industries de santé'),(795,'Production','Industries de santé'),(796,'Recherche et développement','Industries de santé'),(797,'Santé','Industries de santé'),(798,'Soigner','Industries de santé'),(799,'Vaccins','Industries de santé'),(800,'Biomatériau','Industries des papiers cartons'),(801,'Bois','Industries des papiers cartons'),(802,'Carton ','Industries des papiers cartons'),(803,'Cellulose ','Industries des papiers cartons'),(804,'Chimie ','Industries des papiers cartons'),(805,'Créer ','Industries des papiers cartons'),(806,'Développement durable ','Industries des papiers cartons'),(807,'Diversité','Industries des papiers cartons'),(808,'Éco-industrie','Industries des papiers cartons'),(809,'Emballage ','Industries des papiers cartons'),(810,'Environnement','Industries des papiers cartons'),(811,'Étiquettes ','Industries des papiers cartons'),(812,'Fibres','Industries des papiers cartons'),(813,'Impression ','Industries des papiers cartons'),(814,'Industrie','Industries des papiers cartons'),(815,'Innovation','Industries des papiers cartons'),(816,'International','Industries des papiers cartons'),(817,'Ouate ','Industries des papiers cartons'),(818,'Packaging ','Industries des papiers cartons'),(819,'Papier ','Industries des papiers cartons'),(820,'Passion','Industries des papiers cartons'),(821,'Perspective de carrière','Industries des papiers cartons'),(822,'Procédés ','Industries des papiers cartons'),(823,'Recyclage','Industries des papiers cartons'),(824,'Acheter','Industries et nouvelles technologies'),(825,'Acier','Industries et nouvelles technologies'),(826,'Administration','Industries et nouvelles technologies'),(827,'Aluminium','Industries et nouvelles technologies'),(828,'Anglais','Industries et nouvelles technologies'),(829,'Animer','Industries et nouvelles technologies'),(830,'Atelier','Industries et nouvelles technologies'),(831,'Audit','Industries et nouvelles technologies'),(832,'Automatisme','Industries et nouvelles technologies'),(833,'Avions','Industries et nouvelles technologies'),(834,'Bateaux','Industries et nouvelles technologies'),(835,'Bureau d\'études','Industries et nouvelles technologies'),(836,'Calculs','Industries et nouvelles technologies'),(837,'Cao dao','Industries et nouvelles technologies'),(838,'Commerce','Industries et nouvelles technologies'),(839,'Concevoir','Industries et nouvelles technologies'),(840,'Construction navale','Industries et nouvelles technologies'),(841,'Contrôler','Industries et nouvelles technologies'),(842,'Design','Industries et nouvelles technologies'),(843,'Dessin industriel','Industries et nouvelles technologies'),(844,'Développer','Industries et nouvelles technologies'),(845,'Diagnostic','Industries et nouvelles technologies'),(846,'Domotique','Industries et nouvelles technologies'),(847,'Électricité','Industries et nouvelles technologies'),(848,'Électrique','Industries et nouvelles technologies'),(849,'Électrotechnique','Industries et nouvelles technologies'),(850,'Énergie','Industries et nouvelles technologies'),(851,'Énergies renouvelables','Industries et nouvelles technologies'),(852,'Équipements','Industries et nouvelles technologies'),(853,'Essais','Industries et nouvelles technologies'),(854,'Fabriquer','Industries et nouvelles technologies'),(855,'Gaz','Industries et nouvelles technologies'),(856,'Gestion','Industries et nouvelles technologies'),(857,'Gmao','Industries et nouvelles technologies'),(858,'Hydraulique','Industries et nouvelles technologies'),(859,'Ingénierie','Industries et nouvelles technologies'),(860,'Innovation','Industries et nouvelles technologies'),(861,'Laboratoire','Industries et nouvelles technologies'),(862,'Logiciels','Industries et nouvelles technologies'),(863,'Machines','Industries et nouvelles technologies'),(864,'Maintenance','Industries et nouvelles technologies'),(865,'Mathématiques','Industries et nouvelles technologies'),(866,'Matières premières','Industries et nouvelles technologies'),(867,'Mécanique physique','Industries et nouvelles technologies'),(868,'Mesurer','Industries et nouvelles technologies'),(869,'Métal','Industries et nouvelles technologies'),(870,'Modélisation','Industries et nouvelles technologies'),(871,'Moteur','Industries et nouvelles technologies'),(872,'Négocier','Industries et nouvelles technologies'),(873,'Nucléaire','Industries et nouvelles technologies'),(874,'Numérique','Industries et nouvelles technologies'),(875,'Optique','Industries et nouvelles technologies'),(876,'Panne','Industries et nouvelles technologies'),(877,'Pétrole','Industries et nouvelles technologies'),(878,'Polyvalence','Industries et nouvelles technologies'),(879,'Processus industriels','Industries et nouvelles technologies'),(880,'Production','Industries et nouvelles technologies'),(881,'Programmation informatique','Industries et nouvelles technologies'),(882,'Recherche et développement','Industries et nouvelles technologies'),(883,'Scientifique','Industries et nouvelles technologies'),(884,'Simulation','Industries et nouvelles technologies'),(885,'Soudure','Industries et nouvelles technologies'),(886,'Télécommunications','Industries et nouvelles technologies'),(887,'Télémaintenance','Industries et nouvelles technologies'),(888,'Tester','Industries et nouvelles technologies'),(889,'Thermique','Industries et nouvelles technologies'),(890,'Titane','Industries et nouvelles technologies'),(891,'Traitement de surface','Industries et nouvelles technologies'),(892,'Tuyauterie','Industries et nouvelles technologies'),(893,'Usine','Industries et nouvelles technologies'),(894,'Usiner','Industries et nouvelles technologies'),(895,'Veille technologique','Industries et nouvelles technologies'),(896,'Vente','Industries et nouvelles technologies'),(897,'Voitures','Industries et nouvelles technologies'),(898,'Acier','Industries et nouvelles technologies - aéronautique'),(899,'Aéronef','Industries et nouvelles technologies - aéronautique'),(900,'Anglais','Industries et nouvelles technologies - aéronautique'),(901,'Avions','Industries et nouvelles technologies - aéronautique'),(902,'Commande','Industries et nouvelles technologies - aéronautique'),(903,'Conception mécanique','Industries et nouvelles technologies - aéronautique'),(904,'Équipements pneumatiques','Industries et nouvelles technologies - aéronautique'),(905,'Fusée','Industries et nouvelles technologies - aéronautique'),(906,'Industrie','Industries et nouvelles technologies - aéronautique'),(907,'Innovation','Industries et nouvelles technologies - aéronautique'),(908,'Maintenance','Industries et nouvelles technologies - aéronautique'),(909,'Matériaux composites','Industries et nouvelles technologies - aéronautique'),(910,'Métal','Industries et nouvelles technologies - aéronautique'),(911,'Optique','Industries et nouvelles technologies - aéronautique'),(912,'Préparer, organiser','Industries et nouvelles technologies - aéronautique'),(913,'Production','Industries et nouvelles technologies - aéronautique'),(914,'Recherche et développement','Industries et nouvelles technologies - aéronautique'),(915,'Satellite','Industries et nouvelles technologies - aéronautique'),(916,'Scientifique','Industries et nouvelles technologies - aéronautique'),(917,'Soudure','Industries et nouvelles technologies - aéronautique'),(918,'Télécommunications','Industries et nouvelles technologies - aéronautique'),(919,'Thermique','Industries et nouvelles technologies - aéronautique'),(920,'Titane','Industries et nouvelles technologies - aéronautique'),(921,'Usiner','Industries et nouvelles technologies - aéronautique'),(922,'Vol','Industries et nouvelles technologies - aéronautique'),(923,'Analyse','Ingénierie'),(924,'Bâtiment','Ingénierie'),(925,'Bim','Ingénierie'),(926,'Budget','Ingénierie'),(927,'Bureau d\'études','Ingénierie'),(928,'Cahier des charges','Ingénierie'),(929,'Chantier','Ingénierie'),(930,'Commercial','Ingénierie'),(931,'Concevoir','Ingénierie'),(932,'Contrôler','Ingénierie'),(933,'Déconstruction','Ingénierie'),(934,'Estimer','Ingénierie'),(935,'Fournisseur','Ingénierie'),(936,'Industrie','Ingénierie'),(937,'Inspecter','Ingénierie'),(938,'Laboratoire','Ingénierie'),(939,'Mesurer','Ingénierie'),(940,'Planifier','Ingénierie'),(941,'Projets','Ingénierie'),(942,'Sous-traitant','Ingénierie'),(943,'Tester','Ingénierie'),(944,'Vérifier','Ingénierie'),(945,'Après-vente','Maintenance des matériels agricoles, de construction et de manutention, d\'espaces verts'),(946,'Atelier','Maintenance des matériels agricoles, de construction et de manutention, d\'espaces verts'),(947,'Camion atelier','Maintenance des matériels agricoles, de construction et de manutention, d\'espaces verts'),(948,'Carrière','Maintenance des matériels agricoles, de construction et de manutention, d\'espaces verts'),(949,'Clients','Maintenance des matériels agricoles, de construction et de manutention, d\'espaces verts'),(950,'Commerce','Maintenance des matériels agricoles, de construction et de manutention, d\'espaces verts'),(951,'Concessionnaire','Maintenance des matériels agricoles, de construction et de manutention, d\'espaces verts'),(952,'Conseils','Maintenance des matériels agricoles, de construction et de manutention, d\'espaces verts'),(953,'Construction','Maintenance des matériels agricoles, de construction et de manutention, d\'espaces verts'),(954,'Électricité','Maintenance des matériels agricoles, de construction et de manutention, d\'espaces verts'),(955,'Emplois','Maintenance des matériels agricoles, de construction et de manutention, d\'espaces verts'),(956,'Engin','Maintenance des matériels agricoles, de construction et de manutention, d\'espaces verts'),(957,'Équipe','Maintenance des matériels agricoles, de construction et de manutention, d\'espaces verts'),(958,'Esprit d\'analyse','Maintenance des matériels agricoles, de construction et de manutention, d\'espaces verts'),(959,'Gps','Maintenance des matériels agricoles, de construction et de manutention, d\'espaces verts'),(960,'Haute technologie','Maintenance des matériels agricoles, de construction et de manutention, d\'espaces verts'),(961,'Hydraulique','Maintenance des matériels agricoles, de construction et de manutention, d\'espaces verts'),(962,'Informatique','Maintenance des matériels agricoles, de construction et de manutention, d\'espaces verts'),(963,'Machine','Maintenance des matériels agricoles, de construction et de manutention, d\'espaces verts'),(964,'Maintenance','Maintenance des matériels agricoles, de construction et de manutention, d\'espaces verts'),(965,'Manutention','Maintenance des matériels agricoles, de construction et de manutention, d\'espaces verts'),(966,'Matériel','Maintenance des matériels agricoles, de construction et de manutention, d\'espaces verts'),(967,'Mécanique','Maintenance des matériels agricoles, de construction et de manutention, d\'espaces verts'),(968,'Mise en service','Maintenance des matériels agricoles, de construction et de manutention, d\'espaces verts'),(969,'Olympiades des métiers','Maintenance des matériels agricoles, de construction et de manutention, d\'espaces verts'),(970,'Panne','Maintenance des matériels agricoles, de construction et de manutention, d\'espaces verts'),(971,'Réglage','Maintenance des matériels agricoles, de construction et de manutention, d\'espaces verts'),(972,'Révision','Maintenance des matériels agricoles, de construction et de manutention, d\'espaces verts'),(973,'Technique','Maintenance des matériels agricoles, de construction et de manutention, d\'espaces verts'),(974,'Valise de diagnostic','Maintenance des matériels agricoles, de construction et de manutention, d\'espaces verts'),(975,'Acheter','Maroquinerie'),(976,'Chaussures','Maroquinerie'),(977,'Commercialisation','Maroquinerie'),(978,'Conseils','Maroquinerie'),(979,'Couleurs','Maroquinerie'),(980,'Création','Maroquinerie'),(981,'Cuir','Maroquinerie'),(982,'Design','Maroquinerie'),(983,'Dessin','Maroquinerie'),(984,'Exporter','Maroquinerie'),(985,'Fabriquer','Maroquinerie'),(986,'Finissage','Maroquinerie'),(987,'Machines à commande numérique','Maroquinerie'),(988,'Magasins','Maroquinerie'),(989,'Matières premières','Maroquinerie'),(990,'Méthodes','Maroquinerie'),(991,'Modèle','Maroquinerie'),(992,'Peaux','Maroquinerie'),(993,'Recherche et développement','Maroquinerie'),(994,'Reliure','Maroquinerie'),(995,'Responsable','Maroquinerie'),(996,'Sacs','Maroquinerie'),(997,'Siège','Maroquinerie'),(998,'Tannerie','Maroquinerie'),(999,'Transformer','Maroquinerie'),(1000,'Vente','Maroquinerie'),(1001,'Appliqué','Métiers d\'art'),(1002,'Artisanat','Métiers d\'art'),(1003,'Artistique','Métiers d\'art'),(1004,'Atelier','Métiers d\'art'),(1005,'Bois','Métiers d\'art'),(1006,'Branché','Métiers d\'art'),(1007,'Céramique','Métiers d\'art'),(1008,'Clients','Métiers d\'art'),(1009,'Commerce','Métiers d\'art'),(1010,'Création','Métiers d\'art'),(1011,'Cuir','Métiers d\'art'),(1012,'Design','Métiers d\'art'),(1013,'Dessin','Métiers d\'art'),(1014,'Diamant','Métiers d\'art'),(1015,'Excellence','Métiers d\'art'),(1016,'Instruments de musique','Métiers d\'art'),(1017,'Joaillerie','Métiers d\'art'),(1018,'Luxe','Métiers d\'art'),(1019,'Mannequin','Métiers d\'art'),(1020,'Matières','Métiers d\'art'),(1021,'Métiers manuels','Métiers d\'art'),(1022,'Minutie','Métiers d\'art'),(1023,'Mode','Métiers d\'art'),(1024,'Orfèvre','Métiers d\'art'),(1025,'Saphir','Métiers d\'art'),(1026,'Savoir-faire','Métiers d\'art'),(1027,'Soie','Métiers d\'art'),(1028,'Stylisme','Métiers d\'art'),(1029,'Tendance','Métiers d\'art'),(1030,'Textile','Métiers d\'art'),(1031,'Tissus','Métiers d\'art'),(1032,'Verre','Métiers d\'art'),(1033,'Alimentaire','Métiers de bouche'),(1034,'Bœuf','Métiers de bouche'),(1035,'Chocolat','Métiers de bouche'),(1036,'Clients','Métiers de bouche'),(1037,'Cochonaille','Métiers de bouche'),(1038,'Commerce','Métiers de bouche'),(1039,'Confiseur','Métiers de bouche'),(1040,'Couteaux','Métiers de bouche'),(1041,'Création','Métiers de bouche'),(1042,'Crème','Métiers de bouche'),(1043,'Farine','Métiers de bouche'),(1044,'Four','Métiers de bouche'),(1045,'Gastronomie','Métiers de bouche'),(1046,'Goût','Métiers de bouche'),(1047,'Mitron','Métiers de bouche'),(1048,'Mouton','Métiers de bouche'),(1049,'Pâte','Métiers de bouche'),(1050,'Pétrin','Métiers de bouche'),(1051,'Restaurants','Métiers de bouche'),(1052,'Rouleau','Métiers de bouche'),(1053,'Spécialité','Métiers de bouche'),(1054,'Sucre','Métiers de bouche'),(1055,'Tablier','Métiers de bouche'),(1056,'Traiteur','Métiers de bouche'),(1057,'Viande','Métiers de bouche'),(1058,'Agriculture','Métiers de l\'agroéquipement'),(1059,'Atelier','Métiers de l\'agroéquipement'),(1060,'Autonomie','Métiers de l\'agroéquipement'),(1061,'Chantier','Métiers de l\'agroéquipement'),(1062,'Conduire','Métiers de l\'agroéquipement'),(1063,'Contrôler','Métiers de l\'agroéquipement'),(1064,'Engins','Métiers de l\'agroéquipement'),(1065,'Exporter','Métiers de l\'agroéquipement'),(1066,'Innovation','Métiers de l\'agroéquipement'),(1067,'Inspecter','Métiers de l\'agroéquipement'),(1068,'Maintenance','Métiers de l\'agroéquipement'),(1069,'Mécanique','Métiers de l\'agroéquipement'),(1070,'Mécano-soudure','Métiers de l\'agroéquipement'),(1071,'Mesurer','Métiers de l\'agroéquipement'),(1072,'Pièces de rechange','Métiers de l\'agroéquipement'),(1073,'Pilotage','Métiers de l\'agroéquipement'),(1074,'Prototype','Métiers de l\'agroéquipement'),(1075,'Réglage','Métiers de l\'agroéquipement'),(1076,'Technologie','Métiers de l\'agroéquipement'),(1077,'Tester','Métiers de l\'agroéquipement'),(1078,'Clients','Métiers de l\'enseigne'),(1079,'Commerce','Métiers de l\'enseigne'),(1080,'Dessin','Métiers de l\'enseigne'),(1081,'Électricité','Métiers de l\'enseigne'),(1082,'Inscription','Métiers de l\'enseigne'),(1083,'Lumineux','Métiers de l\'enseigne'),(1084,'Matières','Métiers de l\'enseigne'),(1085,'Néon','Métiers de l\'enseigne'),(1086,'Plaque','Métiers de l\'enseigne'),(1087,'2d','Métiers de l\'image'),(1088,'3d','Métiers de l\'image'),(1089,'Animation','Métiers de l\'image'),(1090,'Animer','Métiers de l\'image'),(1091,'Appareil photo','Métiers de l\'image'),(1092,'Artistique','Métiers de l\'image'),(1093,'Caméra','Métiers de l\'image'),(1094,'Cinémas','Métiers de l\'image'),(1095,'Conseils','Métiers de l\'image'),(1096,'Création','Métiers de l\'image'),(1097,'Design','Métiers de l\'image'),(1098,'Dessin','Métiers de l\'image'),(1099,'Équipe','Métiers de l\'image'),(1100,'Film','Métiers de l\'image'),(1101,'Graphisme','Métiers de l\'image'),(1102,'Image','Métiers de l\'image'),(1103,'Jeux vidéos','Métiers de l\'image'),(1104,'Logiciels','Métiers de l\'image'),(1105,'Marketing','Métiers de l\'image'),(1106,'Ordinateur','Métiers de l\'image'),(1107,'Photo','Métiers de l\'image'),(1108,'Prises de vues','Métiers de l\'image'),(1109,'Programmer','Métiers de l\'image'),(1110,'Retouche','Métiers de l\'image'),(1111,'Acheter','Métiers du cuir'),(1112,'Artisanat','Métiers du cuir'),(1113,'Chaussures','Métiers du cuir'),(1114,'Création','Métiers du cuir'),(1115,'Cuir','Métiers du cuir'),(1116,'Design','Métiers du cuir'),(1117,'Distribution','Métiers du cuir'),(1118,'Ganterie','Métiers du cuir'),(1119,'Habillement','Métiers du cuir'),(1120,'Innovation','Métiers du cuir'),(1121,'International','Métiers du cuir'),(1122,'Luxe','Métiers du cuir'),(1123,'Made in france','Métiers du cuir'),(1124,'Maroquinerie','Métiers du cuir'),(1125,'Merchandising','Métiers du cuir'),(1126,'Métiers d’art ','Métiers du cuir'),(1127,'Métiers manuels','Métiers du cuir'),(1128,'Mode','Métiers du cuir'),(1129,'Nouvelles technologies','Métiers du cuir'),(1130,'Peaux','Métiers du cuir'),(1131,'Qualité','Métiers du cuir'),(1132,'Savoir-faire','Métiers du cuir'),(1133,'Tannerie','Métiers du cuir'),(1134,'Tradition ','Métiers du cuir'),(1135,'Vente','Métiers du cuir'),(1136,'Biologie','Métiers scientifiques et techniques'),(1137,'Calculs','Métiers scientifiques et techniques'),(1138,'Chiffres','Métiers scientifiques et techniques'),(1139,'Chimie ','Métiers scientifiques et techniques'),(1140,'Encadrer','Métiers scientifiques et techniques'),(1141,'Mathématiques','Métiers scientifiques et techniques'),(1142,'Ordinateur','Métiers scientifiques et techniques'),(1143,'Physique','Métiers scientifiques et techniques'),(1144,'Recherche','Métiers scientifiques et techniques'),(1145,'Sciences','Métiers scientifiques et techniques'),(1146,'Accueil','Navigation fluviale'),(1147,'Amarrage','Navigation fluviale'),(1148,'Capitaine','Navigation fluviale'),(1149,'Cargaison','Navigation fluviale'),(1150,'Coque','Navigation fluviale'),(1151,'Croisière','Navigation fluviale'),(1152,'Entretien','Navigation fluviale'),(1153,'Équipage','Navigation fluviale'),(1154,'Fret','Navigation fluviale'),(1155,'Gestion','Navigation fluviale'),(1156,'Guidage','Navigation fluviale'),(1157,'Maintenance','Navigation fluviale'),(1158,'Marchandises','Navigation fluviale'),(1159,'Paquebot','Navigation fluviale'),(1160,'Passagers','Navigation fluviale'),(1161,'Péniche','Navigation fluviale'),(1162,'Restauration','Navigation fluviale'),(1163,'Tourisme','Navigation fluviale'),(1164,'Transport fluvial','Navigation fluviale'),(1165,'Voyages','Navigation fluviale'),(1166,'Analyse','Numérique'),(1167,'Application','Numérique'),(1168,'Bureau','Numérique'),(1169,'Chiffres','Numérique'),(1170,'Clients','Numérique'),(1171,'Cloud','Numérique'),(1172,'Coder','Numérique'),(1173,'Conseils','Numérique'),(1174,'Développer','Numérique'),(1175,'Domotique','Numérique'),(1176,'E-commerce','Numérique'),(1177,'Écoute','Numérique'),(1178,'French tech','Numérique'),(1179,'Géolocalisation','Numérique'),(1180,'Informatique','Numérique'),(1181,'Installer','Numérique'),(1182,'Internet','Numérique'),(1183,'Jeux vidéos','Numérique'),(1184,'Language informatique','Numérique'),(1185,'Logiciels','Numérique'),(1186,'Maintenance','Numérique'),(1187,'Nouvelles technologies','Numérique'),(1188,'Ordinateur','Numérique'),(1189,'Organiser','Numérique'),(1190,'Programmer','Numérique'),(1191,'Réparer','Numérique'),(1192,'Réseaux','Numérique'),(1193,'Robotique','Numérique'),(1194,'Robots','Numérique'),(1195,'Sécurité','Numérique'),(1196,'Services','Numérique'),(1197,'Site internet','Numérique'),(1198,'Système','Numérique'),(1199,'Web','Numérique'),(1200,'Agroalimentaire','Plasturgie et composites'),(1201,'Automobile','Plasturgie et composites'),(1202,'Biodégradabilité','Plasturgie et composites'),(1203,'Biomatériau','Plasturgie et composites'),(1204,'Construction','Plasturgie et composites'),(1205,'Électronique','Plasturgie et composites'),(1206,'Environnement','Plasturgie et composites'),(1207,'Équipements de sport','Plasturgie et composites'),(1208,'Extrusion','Plasturgie et composites'),(1209,'Industrie','Plasturgie et composites'),(1210,'Injection','Plasturgie et composites'),(1211,'Innovation','Plasturgie et composites'),(1212,'Loisirs','Plasturgie et composites'),(1213,'Machines à commande numérique','Plasturgie et composites'),(1214,'Matériaux composites','Plasturgie et composites'),(1215,'Matières','Plasturgie et composites'),(1216,'Médical','Plasturgie et composites'),(1217,'Moulage','Plasturgie et composites'),(1218,'Moule','Plasturgie et composites'),(1219,'Pétrole','Plasturgie et composites'),(1220,'Plastique','Plasturgie et composites'),(1221,'Presse','Plasturgie et composites'),(1222,'Production','Plasturgie et composites'),(1223,'Recherche et développement','Plasturgie et composites'),(1224,'Recyclage','Plasturgie et composites'),(1225,'Technicité','Plasturgie et composites'),(1226,'Alimentaire','Poissonnerie'),(1227,'Artisanat','Poissonnerie'),(1228,'Chaîne du froid','Poissonnerie'),(1229,'Clients','Poissonnerie'),(1230,'Commerce','Poissonnerie'),(1231,'Coquillages','Poissonnerie'),(1232,'Crustacés','Poissonnerie'),(1233,'Hygiène','Poissonnerie'),(1234,'Marchés','Poissonnerie'),(1235,'Mer','Poissonnerie'),(1236,'Poissons','Poissonnerie'),(1237,'Sécurité alimentaire','Poissonnerie'),(1238,'Attentif','Police nationale'),(1239,'Contrôler','Police nationale'),(1240,'Fonction publique','Police nationale'),(1241,'Médiation','Police nationale'),(1242,'Prévention','Police nationale'),(1243,'Protection','Police nationale'),(1244,'Risques','Police nationale'),(1245,'Sauver','Police nationale'),(1246,'Secours','Police nationale'),(1247,'Sportif','Police nationale'),(1248,'Sûreté','Police nationale'),(1249,'Surveiller','Police nationale'),(1250,'Attentif','Prévention, sécurité'),(1251,'Chien','Prévention, sécurité'),(1252,'Contrôler','Prévention, sécurité'),(1253,'Médiation','Prévention, sécurité'),(1254,'Prévention','Prévention, sécurité'),(1255,'Protection','Prévention, sécurité'),(1256,'Risques','Prévention, sécurité'),(1257,'Sauver','Prévention, sécurité'),(1258,'Secours','Prévention, sécurité'),(1259,'Sportif','Prévention, sécurité'),(1260,'Sûreté','Prévention, sécurité'),(1261,'Surveiller','Prévention, sécurité'),(1262,'Appareil dentaire','Prothésiste dentaire'),(1263,'Bague','Prothésiste dentaire'),(1264,'Céramique','Prothésiste dentaire'),(1265,'Couronne','Prothésiste dentaire'),(1266,'Dent','Prothésiste dentaire'),(1267,'Dextérité','Prothésiste dentaire'),(1268,'Habileté manuelle','Prothésiste dentaire'),(1269,'Implant','Prothésiste dentaire'),(1270,'Logiciels','Prothésiste dentaire'),(1271,'Matériaux composites','Prothésiste dentaire'),(1272,'Métaux précieux','Prothésiste dentaire'),(1273,'Minutie','Prothésiste dentaire'),(1274,'Moule','Prothésiste dentaire'),(1275,'Sens esthétique','Prothésiste dentaire'),(1276,'Bureau','Rendez-vous dans l\'entreprise'),(1277,'Communiquer','Rendez-vous dans l\'entreprise'),(1278,'Diriger','Rendez-vous dans l\'entreprise'),(1279,'Encadrer','Rendez-vous dans l\'entreprise'),(1280,'Équipe','Rendez-vous dans l\'entreprise'),(1281,'Gérer','Rendez-vous dans l\'entreprise'),(1282,'Logiciels','Rendez-vous dans l\'entreprise'),(1283,'Ordinateur','Rendez-vous dans l\'entreprise'),(1284,'Organiser','Rendez-vous dans l\'entreprise'),(1285,'Planifier','Rendez-vous dans l\'entreprise'),(1286,'Rédiger','Rendez-vous dans l\'entreprise'),(1287,'Réflexion','Rendez-vous dans l\'entreprise'),(1288,'Services','Rendez-vous dans l\'entreprise'),(1289,'Tertiaire','Rendez-vous dans l\'entreprise'),(1290,'Adultes','Restauration collective'),(1291,'Alimentaire','Restauration collective'),(1292,'Alimentation','Restauration collective'),(1293,'Aliments','Restauration collective'),(1294,'Armée','Restauration collective'),(1295,'Autonomie','Restauration collective'),(1296,'Bases militaires','Restauration collective'),(1297,'Cantines scolaires','Restauration collective'),(1298,'Centre pénitentiaire','Restauration collective'),(1299,'Chaîne du froid','Restauration collective'),(1300,'Clinique','Restauration collective'),(1301,'Conserver','Restauration collective'),(1302,'Crêches','Restauration collective'),(1303,'Cuire','Restauration collective'),(1304,'Cuisine','Restauration collective'),(1305,'Cuisiner','Restauration collective'),(1306,'Diététique','Restauration collective'),(1307,'Distribution des repas','Restauration collective'),(1308,'Écoles','Restauration collective'),(1309,'Éducation nutritionnelle','Restauration collective'),(1310,'Enfants','Restauration collective'),(1311,'Entreprises','Restauration collective'),(1312,'Esprit de service','Restauration collective'),(1313,'Gérant','Restauration collective'),(1314,'Gestion','Restauration collective'),(1315,'Goût','Restauration collective'),(1316,'Hôpitaux','Restauration collective'),(1317,'Hygiène','Restauration collective'),(1318,'Livraison de repas','Restauration collective'),(1319,'Lutte contre le gaspillage','Restauration collective'),(1320,'Maison de retraite','Restauration collective'),(1321,'Management','Restauration collective'),(1322,'Nutrition','Restauration collective'),(1324,'Organiser','Restauration collective'),(1325,'Pâtisserie','Restauration collective'),(1326,'Personnes âgées','Restauration collective'),(1327,'Polyvalence','Restauration collective'),(1328,'Préparation des repas','Restauration collective'),(1329,'Prisons','Restauration collective'),(1330,'Produire des plats en gros volumes','Restauration collective'),(1331,'Produits bio','Restauration collective'),(1332,'Proximité','Restauration collective'),(1333,'Qualité','Restauration collective'),(1334,'Restaurants d\'entreprise','Restauration collective'),(1335,'Restaurants scolaires','Restauration collective'),(1336,'Sécurité alimentaire','Restauration collective'),(1337,'Servir','Restauration collective'),(1338,'Aider','Santé-social'),(1339,'Bébés','Santé-social'),(1340,'Biologie','Santé-social'),(1341,'Blouse','Santé-social'),(1342,'Clinique','Santé-social'),(1343,'Communiquer','Santé-social'),(1344,'Compassion','Santé-social'),(1345,'Corps','Santé-social'),(1346,'Crêches','Santé-social'),(1347,'Diction','Santé-social'),(1348,'Écoute','Santé-social'),(1349,'Éduquer','Santé-social'),(1350,'Empathie','Santé-social'),(1351,'Enfance','Santé-social'),(1352,'Enfants','Santé-social'),(1353,'Exercices','Santé-social'),(1354,'Famille','Santé-social'),(1355,'Hôpitaux','Santé-social'),(1356,'Maison de retraite','Santé-social'),(1357,'Maladies','Santé-social'),(1358,'Maternité','Santé-social'),(1359,'Médical','Santé-social'),(1360,'Nourissons','Santé-social'),(1361,'Orthographe','Santé-social'),(1362,'Paramédical','Santé-social'),(1363,'Patients','Santé-social'),(1364,'Personnes âgées','Santé-social'),(1365,'Protéger','Santé-social'),(1366,'Rééducation','Santé-social'),(1367,'Santé','Santé-social'),(1368,'Savoirs','Santé-social'),(1369,'Soigner','Santé-social'),(1370,'Soins','Santé-social'),(1371,'Solutions','Santé-social'),(1372,'Soutien psychologique','Santé-social'),(1373,'Spécialiste','Santé-social'),(1374,'Travail à domicile','Santé-social'),(1375,'Travail de nuit','Santé-social'),(1376,'Travail social','Santé-social'),(1377,'Vaccins','Santé-social'),(1378,'Vie','Santé-social'),(1379,'Camion','Sapeurs-pompiers'),(1380,'Casque','Sapeurs-pompiers'),(1381,'Combinaison','Sapeurs-pompiers'),(1382,'Danger','Sapeurs-pompiers'),(1383,'Eau','Sapeurs-pompiers'),(1384,'Feu','Sapeurs-pompiers'),(1385,'Incendie','Sapeurs-pompiers'),(1386,'Lance','Sapeurs-pompiers'),(1387,'Sauver','Sapeurs-pompiers'),(1388,'Secours','Sapeurs-pompiers'),(1389,'Sportif','Sapeurs-pompiers'),(1390,'Stress','Sapeurs-pompiers'),(1391,'Administration','Sécurité sociale'),(1392,'Aides','Sécurité sociale'),(1393,'Contrôle','Sécurité sociale'),(1394,'Gestion','Sécurité sociale'),(1395,'Prévention','Sécurité sociale'),(1396,'Santé','Sécurité sociale'),(1397,'Services','Sécurité sociale'),(1398,'Tertiaire','Sécurité sociale'),(1399,'Aiguille','Sellerie'),(1400,'Artisanat','Sellerie'),(1401,'Artistique','Sellerie'),(1402,'Auto','Sellerie'),(1403,'Automobile','Sellerie'),(1404,'Bâche','Sellerie'),(1405,'Bagagerie','Sellerie'),(1406,'Canapé','Sellerie'),(1407,'Chapiteau','Sellerie'),(1408,'Couture','Sellerie'),(1409,'Création','Sellerie'),(1410,'Cuir','Sellerie'),(1411,'Finition','Sellerie'),(1412,'Industrie','Sellerie'),(1413,'Luxe','Sellerie'),(1414,'Métiers manuels','Sellerie'),(1415,'Moto','Sellerie'),(1416,'Précision','Sellerie'),(1417,'Sacs','Sellerie'),(1418,'Selle','Sellerie'),(1419,'Services','Sellerie'),(1420,'Siège','Sellerie'),(1421,'Toile','Sellerie'),(1422,'Voile','Sellerie'),(1423,'Activités physiques','Sport - animation'),(1424,'Animation','Sport - animation'),(1425,'Aquagym','Sport - animation'),(1426,'Arts martiaux','Sport - animation'),(1427,'Association','Sport - animation'),(1428,'Autonomie','Sport - animation'),(1429,'Bafa','Sport - animation'),(1430,'Basket-ball ','Sport - animation'),(1431,'Centre de loisirs','Sport - animation'),(1432,'Cheval','Sport - animation'),(1433,'Club','Sport - animation'),(1434,'Coach','Sport - animation'),(1435,'Colonie','Sport - animation'),(1436,'Courses','Sport - animation'),(1437,'Enfants','Sport - animation'),(1438,'Eps','Sport - animation'),(1439,'Fitness','Sport - animation'),(1440,'Football','Sport - animation'),(1441,'Gestion','Sport - animation'),(1442,'Gym','Sport - animation'),(1443,'Handball','Sport - animation'),(1444,'Handisport','Sport - animation'),(1445,'Haut niveau','Sport - animation'),(1446,'Hippique','Sport - animation'),(1447,'Hippodrome ','Sport - animation'),(1448,'Loisirs','Sport - animation'),(1449,'Manager','Sport - animation'),(1450,'Mobilité','Sport - animation'),(1451,'Nature','Sport - animation'),(1452,'Performance','Sport - animation'),(1453,'Piscine','Sport - animation'),(1454,'Préparation physique','Sport - animation'),(1455,'Professeur','Sport - animation'),(1456,'Responsabilité','Sport - animation'),(1457,'Rugby ','Sport - animation'),(1458,'Sport','Sport - animation'),(1459,'Sportif','Sport - animation'),(1460,'Sports collectifs','Sport - animation'),(1461,'Stade','Sport - animation'),(1462,'Vitesse','Sport - animation'),(1463,'Volley-ball','Sport - animation'),(1464,'Coton','Textile'),(1465,'Couture','Textile'),(1466,'Création','Textile'),(1467,'Dessin','Textile'),(1468,'Ennoblissement','Textile'),(1469,'Fibres','Textile'),(1470,'Fils','Textile'),(1471,'Industrie','Textile'),(1472,'Jacquard','Textile'),(1473,'Laine','Textile'),(1474,'Machines','Textile'),(1475,'Machines à commande numérique','Textile'),(1476,'Maille','Textile'),(1477,'Médical','Textile'),(1478,'Mode','Textile'),(1479,'Moulinage','Textile'),(1480,'Non-tissés','Textile'),(1481,'Patronage','Textile'),(1482,'Recherche et développement','Textile'),(1483,'Soie','Textile'),(1484,'Synthétique','Textile'),(1485,'Technicité','Textile'),(1486,'Texturation','Textile'),(1487,'Tissage','Textile'),(1488,'Tissus','Textile'),(1489,'Tressage','Textile'),(1490,'Tricotage','Textile'),(1491,'Vêtements','Textile'),(1492,'Voilage','Textile'),(1493,'Ambulances','Transport, logistique, déménagement'),(1494,'Bus','Transport, logistique, déménagement'),(1495,'Camion','Transport, logistique, déménagement'),(1496,'Cars','Transport, logistique, déménagement'),(1497,'Conduite','Transport, logistique, déménagement'),(1498,'Douane','Transport, logistique, déménagement'),(1499,'Enseignement','Transport, logistique, déménagement'),(1500,'Entrepôts','Transport, logistique, déménagement'),(1501,'International','Transport, logistique, déménagement'),(1502,'Palette','Transport, logistique, déménagement'),(1503,'Pédagogie','Transport, logistique, déménagement'),(1504,'Planning','Transport, logistique, déménagement'),(1505,'Ponctualité','Transport, logistique, déménagement'),(1506,'Sécurité','Transport, logistique, déménagement'),(1507,'Sécurité routière','Transport, logistique, déménagement'),(1508,'Stocks','Transport, logistique, déménagement'),(1509,'Supply chain','Transport, logistique, déménagement'),(1510,'Taxis','Transport, logistique, déménagement'),(1511,'Transit','Transport, logistique, déménagement'),(1512,'Vigilance','Transport, logistique, déménagement'),(1513,'Voyages','Transport, logistique, déménagement'),(1514,'Adduction d’eau potable et assainissement','Travaux publics'),(1515,'Aménagement du territoire','Travaux publics'),(1516,'Btp','Travaux publics'),(1517,'Canalisations','Travaux publics'),(1518,'Cohésion sociale et territoriale','Travaux publics'),(1519,'Compétitivité','Travaux publics'),(1520,'Construction','Travaux publics'),(1521,'Croissance verte','Travaux publics'),(1522,'Déplacements','Travaux publics'),(1523,'Emplois','Travaux publics'),(1524,'Engins','Travaux publics'),(1525,'Fondations spéciales','Travaux publics'),(1526,'Infrastructures','Travaux publics'),(1527,'Innovation','Travaux publics'),(1528,'Investissements','Travaux publics'),(1529,'Nouvelles technologies','Travaux publics'),(1530,'Ouvrages d’art','Travaux publics'),(1531,'Patrimoine','Travaux publics'),(1532,'Prévention et sécurité','Travaux publics'),(1533,'Réseaux','Travaux publics'),(1535,'Sondages et forages','Travaux publics'),(1536,'Terrassements','Travaux publics'),(1537,'Transition écologique','Travaux publics'),(1538,'Travaux maritimes et fluviaux','Travaux publics'),(1539,'Travaux publics','Travaux publics'),(1540,'Travaux routiers','Travaux publics'),(1541,'Voies ferrées','Travaux publics'),(1542,'Aéronautique','Usinage et décolletage'),(1543,'Automobile','Usinage et décolletage'),(1544,'Connectique','Usinage et décolletage'),(1545,'Électrique','Usinage et décolletage'),(1546,'Électroménager','Usinage et décolletage'),(1547,'Horlogerie','Usinage et décolletage'),(1548,'Industrie','Usinage et décolletage'),(1549,'Innovation','Usinage et décolletage'),(1550,'Luxe','Usinage et décolletage'),(1551,'Médical','Usinage et décolletage'),(1552,'Métal','Usinage et décolletage'),(1553,'Nucléaire','Usinage et décolletage'),(1554,'Pièces','Usinage et décolletage'),(1555,'Précision','Usinage et décolletage'),(1556,'Production','Usinage et décolletage'),(1557,'Recherche et développement','Usinage et décolletage');
/*!40000 ALTER TABLE `answer` ENABLE KEYS */;
UNLOCK TABLES;

--
-- Table structure for table `interview`
--

DROP TABLE IF EXISTS `interview`;
/*!40101 SET @saved_cs_client     = @@character_set_client */;
/*!40101 SET character_set_client = utf8 */;
CREATE TABLE `interview` (
  `id` int(11) NOT NULL AUTO_INCREMENT,
  `user_id` int(11) DEFAULT NULL,
  `job_id` int(11) DEFAULT NULL,
  `bonus_word` varchar(255) COLLATE utf8_unicode_ci DEFAULT NULL,
  PRIMARY KEY (`id`),
  KEY `IDX_CF1D3C34A76ED395` (`user_id`),
  KEY `IDX_CF1D3C34BE04EA9` (`job_id`),
  CONSTRAINT `FK_CF1D3C34A76ED395` FOREIGN KEY (`user_id`) REFERENCES `user` (`id`),
  CONSTRAINT `FK_CF1D3C34BE04EA9` FOREIGN KEY (`job_id`) REFERENCES `job` (`id`)
) ENGINE=InnoDB AUTO_INCREMENT=121 DEFAULT CHARSET=utf8 COLLATE=utf8_unicode_ci;
/*!40101 SET character_set_client = @saved_cs_client */;

--
-- Dumping data for table `interview`
--

LOCK TABLES `interview` WRITE;
/*!40000 ALTER TABLE `interview` DISABLE KEYS */;
INSERT INTO `interview` VALUES (1,26,552,NULL),(2,26,160,NULL),(3,6,559,NULL),(4,26,277,NULL),(5,28,560,'hackaton'),(6,29,280,'Hotellerie'),(7,29,128,'Management'),(8,30,107,NULL),(9,30,63,NULL),(10,30,260,NULL),(11,29,656,'Sauveur'),(12,31,7,'Discrétion'),(13,28,565,'concentration'),(14,31,7,'Rigoureuse'),(15,28,165,'graphisme'),(16,31,7,'dynamique'),(17,31,5,'curieuse;'),(18,27,560,NULL),(19,27,560,NULL),(20,27,63,'Circuit'),(21,32,559,'Programmation'),(22,32,565,NULL),(23,32,558,NULL),(24,34,33,'#odeur'),(25,34,127,'#matinal'),(26,34,317,'#lumière'),(27,35,651,NULL),(28,35,643,'contact'),(29,35,631,'dynamisme'),(30,35,219,NULL),(31,36,581,'solidaire'),(32,36,241,'adaptabilité'),(33,36,155,'motivation'),(34,37,562,'Développement'),(35,37,102,'Fusion'),(36,37,36,'Creation'),(37,40,625,'metier'),(38,38,699,'gamme'),(39,39,163,'l\'imaginaire'),(40,38,565,'expérience utilisateur'),(41,38,111,'digital'),(42,40,636,'aider'),(43,39,513,'design'),(44,13,141,NULL),(45,40,162,'une enorme explosion'),(46,38,33,NULL),(47,13,596,'Vision'),(48,39,453,'sac'),(49,41,16,'Agriculture'),(50,13,15,NULL),(51,13,41,NULL),(52,13,229,NULL),(53,13,151,NULL),(54,13,239,NULL),(55,41,252,'Transformation du bois'),(56,42,140,'#ESS'),(57,42,559,'Startup'),(58,42,576,'musculation'),(59,43,153,'art'),(60,43,165,'art'),(61,43,161,'aménagement'),(62,44,371,NULL),(63,45,154,NULL),(64,25,125,'negocier'),(65,47,559,NULL),(66,47,556,'gestion des données'),(67,47,564,NULL),(68,48,37,'Creatif'),(69,49,66,'ciment'),(70,49,41,'boulon'),(71,49,73,'salle de bain'),(72,50,41,'boulon'),(73,50,73,'lavabo, salle de bain, toilettes'),(74,50,66,'briques, ciment, sable, poncer'),(75,51,41,'réparation, pneus'),(76,51,73,'lavabo, salle de bain, toilettes'),(77,51,107,'ciseaux, tondeuse, gel, peigne,'),(78,53,73,'lavabo, salle de bain, toilettes'),(79,53,107,'ciseaux, tondeuse, gel, peigne,'),(80,53,56,'carreaux, ciment, sable, eau'),(81,54,88,'Stéréotomie'),(82,55,460,'#créateur'),(83,55,513,'#people'),(84,55,441,NULL),(85,56,639,NULL),(86,56,472,NULL),(87,56,174,NULL),(88,58,285,'#decouverte'),(89,58,138,'#echange'),(90,58,4,'#polyvalence'),(91,59,16,'#Indispensable'),(92,59,640,'#Passion'),(93,59,229,'#Investissement'),(94,60,35,'Passionnant'),(95,61,368,NULL),(96,61,368,NULL),(97,63,559,NULL),(98,62,16,'Archer'),(99,63,33,'Patience'),(100,62,159,'Manga'),(101,62,159,'Manga'),(102,62,159,'Manga'),(103,63,33,'Patience'),(104,63,107,NULL),(105,64,571,'#bonnechose'),(106,64,11,NULL),(107,64,441,NULL),(108,66,96,NULL),(109,66,157,NULL),(110,66,581,NULL),(111,68,440,'Amour et perfection'),(112,68,542,NULL),(113,68,528,'Métiers manuel'),(114,70,645,'Diagnostic'),(115,70,645,'Diagnostic'),(116,70,126,'Sens du commerce'),(117,72,441,'fun'),(118,72,33,'commercant'),(119,72,56,'passion'),(120,73,559,'Passion');
/*!40000 ALTER TABLE `interview` ENABLE KEYS */;
UNLOCK TABLES;

--
-- Table structure for table `interviews_answers`
--

DROP TABLE IF EXISTS `interviews_answers`;
/*!40101 SET @saved_cs_client     = @@character_set_client */;
/*!40101 SET character_set_client = utf8 */;
CREATE TABLE `interviews_answers` (
  `interview_id` int(11) NOT NULL,
  `answer_id` int(11) NOT NULL,
  PRIMARY KEY (`interview_id`,`answer_id`),
  KEY `IDX_2995952F55D69D95` (`interview_id`),
  KEY `IDX_2995952FAA334807` (`answer_id`),
  CONSTRAINT `FK_2995952F55D69D95` FOREIGN KEY (`interview_id`) REFERENCES `interview` (`id`),
  CONSTRAINT `FK_2995952FAA334807` FOREIGN KEY (`answer_id`) REFERENCES `answer` (`id`)
) ENGINE=InnoDB DEFAULT CHARSET=utf8 COLLATE=utf8_unicode_ci;
/*!40101 SET character_set_client = @saved_cs_client */;

--
-- Dumping data for table `interviews_answers`
--

LOCK TABLES `interviews_answers` WRITE;
/*!40000 ALTER TABLE `interviews_answers` DISABLE KEYS */;
INSERT INTO `interviews_answers` VALUES (1,284),(1,311),(1,1138),(2,440),(2,441),(2,444),(2,448),(2,454),(3,733),(3,1172),(3,1182),(3,1184),(3,1187),(4,622),(4,640),(4,648),(4,649),(4,652),(5,1109),(5,1184),(5,1287),(6,9),(6,14),(6,410),(6,651),(6,1278),(7,9),(7,200),(7,281),(7,675),(7,705),(8,318),(8,320),(8,322),(8,325),(8,330),(9,134),(9,136),(9,149),(9,150),(9,165),(10,587),(10,595),(10,597),(10,605),(10,612),(11,14),(11,118),(11,281),(11,423),(11,1338),(12,14),(13,69),(13,239),(13,757),(14,14),(14,281),(14,636),(15,69),(15,441),(15,449),(15,757),(16,14),(16,15),(16,281),(16,636),(17,114),(17,281),(17,381),(17,636),(18,1184),(18,1188),(18,1190),(18,1199),(19,1184),(19,1188),(19,1190),(19,1197),(19,1199),(20,164),(20,188),(20,195),(20,716),(21,1172),(21,1174),(21,1180),(21,1188),(21,1190),(22,1172),(22,1182),(22,1189),(22,1197),(22,1199),(23,1166),(23,1168),(23,1171),(23,1180),(23,1192),(24,58),(24,60),(24,61),(24,62),(24,63),(25,337),(25,339),(25,340),(25,354),(25,355),(26,718),(26,723),(26,725),(26,730),(26,731),(27,302),(27,733),(27,797),(27,1022),(27,1392),(28,302),(28,1022),(29,44),(29,302),(29,1310),(29,1346),(29,1355),(30,318),(30,327),(30,329),(31,1238),(31,1240),(31,1243),(31,1244),(31,1247),(32,538),(32,539),(32,542),(32,547),(32,549),(33,416),(33,422),(33,424),(33,434),(33,437),(34,1167),(34,1180),(34,1183),(35,233),(35,247),(35,256),(35,260),(35,297),(36,81),(36,83),(36,87),(36,89),(36,90),(37,1338),(37,1339),(37,1357),(37,1378),(38,350),(38,359),(38,539),(39,67),(39,442),(39,443),(39,455),(39,1102),(40,347),(40,350),(40,398),(40,751),(40,842),(41,31),(41,290),(41,350),(41,359),(41,539),(42,1343),(42,1351),(43,41),(43,1091),(43,1093),(43,1096),(43,1107),(44,389),(44,402),(44,403),(44,408),(44,410),(45,440),(45,444),(45,455),(46,31),(46,211),(46,240),(46,258),(46,318),(47,1279),(47,1280),(47,1281),(47,1284),(48,1004),(48,1010),(48,1011),(48,1020),(48,1021),(49,18),(49,23),(49,26),(49,38),(49,51),(50,7),(50,15),(50,16),(51,86),(51,95),(51,96),(51,99),(52,502),(52,505),(52,506),(52,512),(53,421),(53,424),(53,432),(53,436),(53,437),(54,518),(54,523),(54,525),(55,560),(55,562),(55,564),(55,577),(55,578),(56,211),(57,11),(57,528),(57,742),(58,6),(58,461),(59,1294),(60,449),(61,126),(62,903),(63,418),(63,421),(63,428),(63,430),(63,434),(64,216),(64,275),(64,657),(64,730),(64,958),(65,83),(65,757),(65,962),(65,1193),(65,1199),(66,962),(67,9),(67,244),(67,306),(67,962),(68,81),(69,171),(69,463),(69,574),(70,74),(70,85),(70,89),(70,94),(70,897),(71,885),(71,892),(71,1383),(72,85),(72,89),(72,94),(72,96),(72,897),(73,885),(73,1304),(74,171),(74,172),(75,74),(75,85),(75,89),(76,885),(76,892),(76,1383),(77,320),(78,135),(78,885),(79,320),(80,189),(81,128),(81,147),(81,175),(81,178),(81,188),(82,1003),(83,1092),(84,1003),(84,1015),(84,1023),(84,1028),(85,50),(85,239),(85,327),(85,1338),(85,1366),(86,239),(86,733),(86,1238),(86,1305),(86,1325),(87,50),(87,327),(87,678),(87,1304),(87,1338),(88,616),(88,645),(88,648),(89,336),(89,358),(89,359),(90,4),(90,9),(90,16),(91,18),(91,25),(91,27),(91,29),(91,33),(92,1339),(92,1356),(92,1367),(92,1371),(92,1377),(93,504),(93,506),(93,507),(93,511),(93,512),(94,82),(94,88),(94,90),(94,94),(94,95),(95,832),(96,832),(97,1173),(97,1184),(97,1189),(97,1190),(97,1199),(98,29),(99,239),(100,439),(100,441),(100,442),(100,449),(100,455),(101,439),(101,441),(101,442),(101,449),(101,455),(102,439),(102,441),(102,442),(102,449),(102,455),(103,58),(103,62),(103,239),(103,328),(103,444),(104,318),(104,320),(104,325),(104,328),(104,329),(105,1202),(105,1203),(105,1206),(105,1220),(105,1224),(106,5),(106,7),(106,15),(106,17),(106,107),(107,44),(107,440),(107,1015),(108,78),(108,242),(108,267),(108,272),(108,305),(109,416),(109,417),(109,418),(109,431),(109,434),(110,1240),(110,1243),(110,1244),(110,1247),(110,1249),(111,442),(111,444),(111,981),(111,1022),(111,1408),(112,1114),(112,1123),(112,1128),(112,1131),(112,1132),(113,1112),(113,1114),(113,1116),(113,1127),(113,1132),(114,285),(115,285),(115,1338),(115,1355),(115,1367),(115,1370),(116,15),(116,86),(116,332),(116,342),(116,357),(117,10),(117,239),(118,358),(119,10),(119,526),(119,574),(120,244),(120,408),(120,449),(120,881),(120,1197);
/*!40000 ALTER TABLE `interviews_answers` ENABLE KEYS */;
UNLOCK TABLES;

--
-- Table structure for table `job`
--

DROP TABLE IF EXISTS `job`;
/*!40101 SET @saved_cs_client     = @@character_set_client */;
/*!40101 SET character_set_client = utf8 */;
CREATE TABLE `job` (
  `id` int(11) NOT NULL AUTO_INCREMENT,
  `name` varchar(255) COLLATE utf8_unicode_ci NOT NULL,
  `domain` varchar(255) COLLATE utf8_unicode_ci NOT NULL,
  PRIMARY KEY (`id`),
  KEY `j_dom` (`domain`),
  KEY `j_name` (`name`)
) ENGINE=InnoDB AUTO_INCREMENT=769 DEFAULT CHARSET=utf8 COLLATE=utf8_unicode_ci;
/*!40101 SET character_set_client = @saved_cs_client */;

--
-- Dumping data for table `job`
--

LOCK TABLES `job` WRITE;
/*!40000 ALTER TABLE `job` DISABLE KEYS */;
INSERT INTO `job` VALUES (2,'Aide comptable','Administration des entreprises'),(3,'Assistant.e commercial.e','Administration des entreprises'),(4,'Assistant.e de gestion','Administration des entreprises'),(5,'Assistant.e en ressources humaines','Administration des entreprises'),(6,'Assistant.e formation','Administration des entreprises'),(7,'Assistant.e manager','Administration des entreprises'),(8,'Assistant.e sourcing','Administration des entreprises'),(9,'Attaché.e de direction','Administration des entreprises'),(10,'Chargé.e de recrutement','Administration des entreprises'),(11,'Commissaire aux comptes','Administration des entreprises'),(12,'Comptable','Administration des entreprises'),(13,'Consultant.e en recrutement','Administration des entreprises'),(14,'Contrôleuse, contrôleur de gestion','Administration des entreprises'),(15,'Expert.e-comptable','Administration des entreprises'),(16,'Agricultrice, agriculteur','Animaux, végétaux, agroalimentaire, services'),(17,'Arboricultrice, arboriculteur','Animaux, végétaux, agroalimentaire, services'),(18,'Conductrice, conducteur de ligne en agroalimentaire','Animaux, végétaux, agroalimentaire, services'),(19,'Conductrice, conducteur de travaux paysagers','Animaux, végétaux, agroalimentaire, services'),(20,'Conductrice, conducteur d\'engins en entreprise de travaux agricoles','Animaux, végétaux, agroalimentaire, services'),(21,'Contrôleuse, contrôleur qualité','Animaux, végétaux, agroalimentaire, services'),(22,'Horticultrice, horticulteur','Animaux, végétaux, agroalimentaire, services'),(23,'Ingénieur.e recherche et développement','Animaux, végétaux, agroalimentaire, services'),(24,'Maraîchère, maraîcher','Animaux, végétaux, agroalimentaire, services'),(25,'Mécanicien.ne agricole','Animaux, végétaux, agroalimentaire, services'),(26,'Oenologue','Animaux, végétaux, agroalimentaire, services'),(27,'Paysagiste','Animaux, végétaux, agroalimentaire, services'),(28,'Pilote d\'installation des industries agroalimentaires','Animaux, végétaux, agroalimentaire, services'),(29,'Soigneuse, soigneur d\'équidés','Animaux, végétaux, agroalimentaire, services'),(30,'Vendeuse, vendeur en jardinerie','Animaux, végétaux, agroalimentaire, services'),(31,'Vétérinaire','Animaux, végétaux, agroalimentaire, services'),(32,'Viticultrice, viticulteur','Animaux, végétaux, agroalimentaire, services'),(33,'Fleuriste','Art floral'),(34,'Peintre muraliste','Art mural'),(35,'Attaché.e commercial.e automobile','Automobile, camion, deux roues'),(36,'Attaché.e commercial.e véhicule industriel','Automobile, camion, deux roues'),(37,'Carrossière-peintre, carrossier-peintre','Automobile, camion, deux roues'),(38,'Carrossière-réparatrice, carrossier-réparateur','Automobile, camion, deux roues'),(39,'Conseillère, conseiller technique et vente cycles','Automobile, camion, deux roues'),(40,'Démonteuse, démonteur automobile spécialisé.e','Automobile, camion, deux roues'),(41,'Mécanicien.ne','Automobile, camion, deux roues'),(42,'Mécanicien.ne automobile véhicule industriel','Automobile, camion, deux roues'),(43,'Mécanicien.ne automobile véhicule particulier','Automobile, camion, deux roues'),(44,'Monitrice, moniteur auto-école (enseignant.e de la conduite)','Automobile, camion, deux roues'),(45,'Opératrice, opérateur service rapide','Automobile, camion, deux roues'),(46,'Peintre en carrosserie','Automobile, camion, deux roues'),(47,'Réceptionnaire après-vente','Automobile, camion, deux roues'),(48,'Technicien.ne de maintenance automobile','Automobile, camion, deux roues'),(49,'Technicien.ne de maintenance moto','Automobile, camion, deux roues'),(50,'Technicien.ne de maintenance véhicule industriel','Automobile, camion, deux roues'),(51,'Vendeuse, vendeur en pièces de rechange et accessoires','Automobile, camion, deux roues'),(52,'Chargé.e d\'accueil et de services à la clientèle','Banque'),(53,'Chargé.e de clientèle particuliers','Banque'),(54,'Conseillère, conseiller patrimonial','Banque'),(55,'Technicien.ne des opérations bancaires et d\'appui commercial','Banque'),(56,'Carreleuse, carreleur','Bâtiment'),(57,'Charpentière, charpentier bois','Bâtiment'),(58,'Charpentière, charpentier métallique','Bâtiment'),(59,'Constructrice, constructeur en béton armé','Bâtiment'),(60,'Couvreuse-zingueuse, couvreur-zingueur','Bâtiment'),(61,'Dessinatrice-projeteuse, dessinateur-projeteur','Bâtiment'),(62,'Economiste de la construction','Bâtiment'),(63,'Electricien.ne','Bâtiment'),(64,'Etancheuse, etancheur','Bâtiment'),(65,'Grutière, grutier','Bâtiment'),(66,'Maçon.ne','Bâtiment'),(67,'Maçon.ne en patrimoine et bâti ancien','Bâtiment'),(68,'Menuisière, menuisier bois, aluminium, pvc','Bâtiment'),(69,'Miroitière, miroitier','Bâtiment'),(70,'Monteuse, monteur en installations thermiques et climatiques','Bâtiment'),(71,'Peintre en bâtiment','Bâtiment'),(72,'Plâtrière-plaquiste, plâtrier-plaquiste','Bâtiment'),(73,'Plombière, plombier','Bâtiment'),(74,'Serrurière-métallière, serrurier-métallier','Bâtiment'),(75,'Solière, solier moquettiste','Bâtiment'),(76,'Tailleuse, tailleur de pierre','Bâtiment'),(77,'Agent.e de centrale à béton','Carrières et matériaux de construction'),(78,'Agent.e de maintenance','Carrières et matériaux de construction'),(79,'Animatrice, animateur hygiène-sécurité-environnement (hse)','Carrières et matériaux de construction'),(80,'Chef.fe de carrière','Carrières et matériaux de construction'),(81,'Conductrice, conducteur d\'engins de tp et carrières','Carrières et matériaux de construction'),(82,'Géologue','Carrières et matériaux de construction'),(83,'Graveuse, graveur sur pierre','Carrières et matériaux de construction'),(84,'Marbrière, marbrier','Carrières et matériaux de construction'),(85,'Pilote d\'installation de granulats','Carrières et matériaux de construction'),(86,'Pilote d\'installation de plate-forme de recyclage des matériaux de déconstruction','Carrières et matériaux de construction'),(87,'Responsable foncière/foncier et environnement','Carrières et matériaux de construction'),(88,'Tailleuse, tailleur de pierre','Carrières et matériaux de construction'),(89,'Technicien.ne de laboratoire','Carrières et matériaux de construction'),(90,'Technicien.ne de production','Carrières et matériaux de construction'),(91,'Technicien.ne géologue','Carrières et matériaux de construction'),(92,'Acheteuse, acheteur','Chimie'),(93,'Animatrice, animateur hygiène-sécurité-environnement (hse)','Chimie'),(94,'Animatrice, animateur qualité','Chimie'),(95,'Biotechnologue','Chimie'),(96,'Chercheuse, chercheur en chimie','Chimie'),(97,'Inspectrice, inspecteur des installations/des équipements/des matériels','Chimie'),(98,'Opératrice, opérateur de fabrication des industries chimiques','Chimie'),(99,'Opératrice, opérateur de production','Chimie'),(100,'Responsable de production','Chimie'),(101,'Responsable logistique','Chimie'),(102,'Technicien.ne chimiste','Chimie'),(103,'Technicien.ne d\'analyse chimie/physicochimie','Chimie'),(104,'Technicien.ne de maintenance industrielle','Chimie'),(105,'Technicien.ne de production','Chimie'),(106,'Technicien.ne en génie des procédés chimiques','Chimie'),(107,'Coiffeuse, coiffeur','Coiffure'),(108,'Perruquière-posticheuse, perruquier-posticheur','Coiffure'),(109,'Acheteuse, acheteur','Commerce b to b'),(110,'Chargé.e de communication','Commerce b to b'),(111,'Chargé.e de marketing','Commerce b to b'),(112,'Chauffeuse-livreuse, chauffeur-livreur','Commerce b to b'),(113,'Comptable','Commerce b to b'),(114,'Développeuse, développeur web','Commerce b to b'),(115,'Directrice, directeur d\'agence','Commerce b to b'),(116,'Juriste','Commerce b to b'),(117,'Manutentionnaire','Commerce b to b'),(118,'Réceptionnaire/préparatrice, préparateur de commandes','Commerce b to b'),(119,'Responsable logistique','Commerce b to b'),(120,'Secrétaire','Commerce b to b'),(121,'Technico-commercial.e','Commerce b to b'),(122,'Télévendeuse, télévendeur','Commerce b to b'),(123,'Vendeuse, vendeur comptoir','Commerce b to b'),(124,'Vendeuse, vendeur itinérant.e','Commerce b to b'),(125,'Acheteuse, acheteur','Commerce, grande distribution'),(126,'Bouchère, boucher','Commerce, grande distribution'),(127,'Boulangère-pâtissière, boulanger-pâtissier','Commerce, grande distribution'),(128,'Chef.fe de rayon / manager de rayon / manager commerce / responsable commerce','Commerce, grande distribution'),(129,'Chef.fe de secteur / chef.fe de département','Commerce, grande distribution'),(130,'Commercial.e itinérant.e','Commerce, grande distribution'),(131,'Conseillère, conseiller de vente spécialisé.e (bricolage, décoration, textile, sport...)','Commerce, grande distribution'),(132,'Directrice, directeur de magasin ou d\'entrepôt','Commerce, grande distribution'),(133,'Employé.e libre service','Commerce, grande distribution'),(134,'Employé.e logistique','Commerce, grande distribution'),(135,'Hôte.sse de caisse','Commerce, grande distribution'),(136,'Poissonnière, poissonnier','Commerce, grande distribution'),(137,'Responsable logistique','Commerce, grande distribution'),(138,'Vendeuse, vendeur alimentaire','Commerce, grande distribution'),(139,'Vendeuse, vendeur multimédia ou électronique grand public','Commerce, grande distribution'),(140,'Consultant.e en management','Conseil'),(141,'Consultant.e en recrutement','Conseil'),(142,'Consultant.e en relations publiques','Conseil'),(143,'Consultant.e en risques professionnels','Conseil'),(144,'Métiers de la maintenance de l\'aéronautique navale','Défense'),(145,'Métiers de la mécanique des forces navales et sous-marines','Défense'),(146,'Métiers de la protection défense','Défense'),(147,'Métiers de l\'administration et métiers de bouche','Défense'),(148,'Métiers des opérations de l\'aéronautique naval','Défense'),(149,'Métiers des opérations des forces navales et sous-marines','Défense'),(150,'Métiers des opérations maritimes ','Défense'),(151,'Militaire du rang dans le domaine de l\'opérationnel (pilotage de char, combat, tir de missile…)','Défense'),(152,'Militaire du rang dans le domaine de spécialiste (cuisine, secrétariat, mécanique...)','Défense'),(153,'Militaire technicien.ne de l\'air','Défense'),(154,'Officière, officier de l\'armée de l\'air','Défense'),(155,'Officière, officier de l\'armée de terre','Défense'),(156,'Pilote de l\'aéronautique navale','Défense'),(157,'Sous-officière, sous-officier de l\'armée de l\'air','Défense'),(158,'Sous-officière, sous-officier de l\'armée de terre','Défense'),(159,'Animatrice, animateur (dessin animé)','Dessin'),(160,'Bédéiste','Dessin'),(161,'Character designer','Dessin'),(162,'Concept artist','Dessin'),(163,'Dessinatrice, dessinateur','Dessin'),(164,'Fresquiste','Dessin'),(165,'Game designer','Dessin'),(166,'Illustratrice, illustrateur','Dessin'),(167,'Infographiste 2d et 3d','Dessin'),(168,'Level builder','Dessin'),(169,'Level designer','Dessin'),(170,'Mappeuse, mappeur','Dessin'),(171,'Modeleuse, modeleur','Dessin'),(172,'Technicien.ne fx (effets spéciaux)','Dessin'),(173,'Webdesigner','Dessin'),(174,'Diététicien.ne','Diététique'),(175,'Diététicien.ne nutritionniste','Diététique'),(176,'Diététicien.ne nutritionniste conseil','Diététique'),(177,'Diététicien.ne nutritionniste sportive/sportif','Diététique'),(178,'Agent.e de tri sélectif des déchets','Environnement et développement durable'),(179,'Animatrice, animateur nature','Environnement et développement durable'),(180,'Architecte','Environnement et développement durable'),(181,'Auditrice, auditeur énergétique','Environnement et développement durable'),(182,'Chargé.e de la vie associative','Environnement et développement durable'),(183,'Chargé.e de plaidoyer','Environnement et développement durable'),(184,'Chargé.e de projet et de sensibilisation au tri sélectif','Environnement et développement durable'),(185,'Charpentière, charpentier bois','Environnement et développement durable'),(186,'Conseillère, conseiller mobilité','Environnement et développement durable'),(187,'Consultant.e en stratégie durable','Environnement et développement durable'),(188,'Coordinatrice, coordinateur de campagnes ','Environnement et développement durable'),(189,'Couvreuse, couvreur','Environnement et développement durable'),(190,'Domoticien.ne','Environnement et développement durable'),(191,'Économe de flux / ambassadrice, ambassadeur de l\'efficacité énergétique','Environnement et développement durable'),(192,'Electricien.ne','Environnement et développement durable'),(193,'Energéticien.ne','Environnement et développement durable'),(194,'Etancheuse-bardeuse, etancheur-bardeur','Environnement et développement durable'),(195,'Exploitant.e forestière/forestier','Environnement et développement durable'),(196,'Formatrice, formateur','Environnement et développement durable'),(197,'Gardien.ne de déchetterie / agent.e technique de déchetterie','Environnement et développement durable'),(198,'Gestion de la chasse, de la faune et de la pêche (techniques d\'aménagement cynégétique et halieutique)','Environnement et développement durable'),(199,'Gestionnaire de déchets spécifiques','Environnement et développement durable'),(200,'Ingénieur.e de bureaux d\'études','Environnement et développement durable'),(201,'Ingénieur.e thermicien.ne','Environnement et développement durable'),(202,'Installatrice, installateur / mainteneuse, mainteneur en systèmes solaires (thermiques ou photovoltaïques) ','Environnement et développement durable'),(203,'Maçon.ne en éco-construction','Environnement et développement durable'),(204,'Métiers du vélo','Environnement et développement durable'),(205,'Monteuse, monteur en isolation thermique','Environnement et développement durable'),(206,'Monteuse-câbleuse, monteur-câbleur','Environnement et développement durable'),(207,'Plombière, plombier','Environnement et développement durable'),(208,'Réparatrice, réparateur','Environnement et développement durable'),(209,'Responsable de communication','Environnement et développement durable'),(210,'Responsable mission citoyenneté ','Environnement et développement durable'),(211,'Technicien.ne','Environnement et développement durable'),(212,'Technicien.ne de bureaux d\'études','Environnement et développement durable'),(213,'Technicien.ne d\'entretien des cours d\'eau','Environnement et développement durable'),(214,'Technico-commercial.e en service et matériel thermique et énergétique','Environnement et développement durable'),(215,'Technologie forestière','Environnement et développement durable'),(216,'Technologie génie civil','Environnement et développement durable'),(217,'Thermicien.ne, chauffagiste','Environnement et développement durable'),(218,'Conseillère, conseiller beauté','Esthétique, bien-être, parfumerie'),(219,'Esthéticien.ne','Esthétique, bien-être, parfumerie'),(220,'Formatrice, formateur marques','Esthétique, bien-être, parfumerie'),(221,'Maquilleuse, maquilleur professionnel.le','Esthétique, bien-être, parfumerie'),(222,'Socio-esthéticien.ne','Esthétique, bien-être, parfumerie'),(223,'Spa manager','Esthétique, bien-être, parfumerie'),(224,'Spa praticien.ne','Esthétique, bien-être, parfumerie'),(225,'Styliste ongulaire','Esthétique, bien-être, parfumerie'),(226,'Technicien.ne de laboratoire cosmétologique','Esthétique, bien-être, parfumerie'),(227,'Technico-commercial.e marketing beauté','Esthétique, bien-être, parfumerie'),(228,'Chargé.e de codification ','Etudes'),(229,'Chargé.e de statistiques','Etudes'),(230,'Chargé.e d\'études','Etudes'),(231,'Adjoint.e administrative/administratif','Europe et international'),(232,'Ebéniste','Europe et international'),(233,'Menuisière, menuisier (fabrication, installation)','Europe et international'),(234,'Technicien.ne du meuble et de l’ébénisterie','Europe et international'),(235,'Technicien.ne en nutrition et en services gastronomiques, spécialité barista','Europe et international'),(236,'Technicien.ne supérieur.e en comptabilité et gestion','Europe et international'),(237,'Technicien.ne supérieur.e en électronique industrielle','Europe et international'),(238,'Technicien.ne supérieur.e en informatique','Europe et international'),(239,'Technicien.ne supérieur.e en maintenance industrielle','Europe et international'),(240,'Technicien.ne supérieur.e en technologie minérale','Europe et international'),(241,'Chef.fe de projet événementiel','Evénement'),(242,'Directrice, directeur des opérations ','Evénement'),(243,'Responsable technique et logistique','Evénement'),(244,'Agent.e forestière/forestier','Forêt, bois, ameublement'),(245,'Bûcheronne-sylvicultrice, bûcheron-sylviculteur','Forêt, bois, ameublement'),(246,'Charpentière, charpentier bois','Forêt, bois, ameublement'),(247,'Constructrice, constructeur bois','Forêt, bois, ameublement'),(248,'Ebéniste','Forêt, bois, ameublement'),(249,'Entrepreneuse, entrepreneur de travaux forestiers','Forêt, bois, ameublement'),(250,'Ingénieur.e bois','Forêt, bois, ameublement'),(251,'Mécanicienne-affûteuse, mécanicien-affûteur','Forêt, bois, ameublement'),(252,'Menuisière, menuisier (fabrication, installation)','Forêt, bois, ameublement'),(253,'Menuisière, menuisier en agencement','Forêt, bois, ameublement'),(254,'Pilote de scie','Forêt, bois, ameublement'),(255,'Technicien.ne en bureau d\'études et conception','Forêt, bois, ameublement'),(256,'Technico-commercial.e bois ','Forêt, bois, ameublement'),(257,'Tourneuse, tourneur sur bois','Forêt, bois, ameublement'),(258,'Enquêtrice, enquêteur','Gendarmerie nationale'),(259,'Gendarme adjoint.e emploi particulier','Gendarmerie nationale'),(260,'Gendarme adjoint.e volontaire','Gendarmerie nationale'),(261,'Maître.sse-chien','Gendarmerie nationale'),(262,'Officière, officier de gendarmerie','Gendarmerie nationale'),(263,'Pilote de véhicule rapide','Gendarmerie nationale'),(264,'Pilote d\'hélicoptère','Gendarmerie nationale'),(265,'Réserviste','Gendarmerie nationale'),(266,'Secouriste en montagne','Gendarmerie nationale'),(267,'Sous-officière administrative, sous-officier administratif','Gendarmerie nationale'),(268,'Sous-officière, sous-officier de gendarmerie','Gendarmerie nationale'),(269,'Technicien.ne d\'identification criminelle','Gendarmerie nationale'),(270,'Barmaid, barman','Hôtellerie, restauration'),(271,'Chef.fe de cuisine','Hôtellerie, restauration'),(272,'Chef.fe de partie','Hôtellerie, restauration'),(273,'Chef.fe de rang','Hôtellerie, restauration'),(274,'Chef.fe de réception','Hôtellerie, restauration'),(275,'Chef.fe gérant.e','Hôtellerie, restauration'),(276,'Commercial.e','Hôtellerie, restauration'),(277,'Commis.e de cuisine','Hôtellerie, restauration'),(278,'Commis.e de salle','Hôtellerie, restauration'),(279,'Cuisinière, cuisinier','Hôtellerie, restauration'),(280,'Directrice, directeur d\'hôtel','Hôtellerie, restauration'),(281,'Femme, valet de chambre','Hôtellerie, restauration'),(282,'Gouvernant.e','Hôtellerie, restauration'),(283,'Maître.sse d\'hôtel','Hôtellerie, restauration'),(284,'Plongeuse, plongeur','Hôtellerie, restauration'),(285,'Réceptionniste','Hôtellerie, restauration'),(286,'Réceptionniste de nuit','Hôtellerie, restauration'),(287,'Responsable de restaurant','Hôtellerie, restauration'),(288,'Responsable hébergement','Hôtellerie, restauration'),(289,'Revenue manager','Hôtellerie, restauration'),(290,'Second.e de cuisine','Hôtellerie, restauration'),(291,'Serveuse, serveur','Hôtellerie, restauration'),(292,'Sommelière, sommelier','Hôtellerie, restauration'),(293,'Technicien.ne de maintenance','Hôtellerie, restauration'),(294,'Agent.e de petite maintenance','Hygiène, propreté, environnement'),(295,'Agent.e de propreté','Hygiène, propreté, environnement'),(296,'Agent.e d\'entretien et de rénovation','Hygiène, propreté, environnement'),(297,'Agent.e machiniste','Hygiène, propreté, environnement'),(298,'Agent.e qualifié.e en propreté hospitalière','Hygiène, propreté, environnement'),(299,'Agent.e qualifié.e en ultra-propreté','Hygiène, propreté, environnement'),(300,'Animatrice, animateur qualité-sécurité-environnement','Hygiène, propreté, environnement'),(301,'Chef.fe d\'agence','Hygiène, propreté, environnement'),(302,'Chef.fe de site','Hygiène, propreté, environnement'),(303,'Chef.fe d\'équipe','Hygiène, propreté, environnement'),(304,'Commercial.e','Hygiène, propreté, environnement'),(305,'Laveuse, laveur de vitres avec moyens spécifiques','Hygiène, propreté, environnement'),(306,'Responsable de secteur','Hygiène, propreté, environnement'),(307,'Administratrice, administrateur de biens','Immobilier'),(308,'Agent.e immobilier','Immobilier'),(309,'Chargé.e de gestion locative','Immobilier'),(310,'Expert.e immobilier','Immobilier'),(311,'Gestionnaire de biens immobiliers','Immobilier'),(312,'Gestionnaire de biens locatifs et copropriétés','Immobilier'),(313,'Négociatrice, négociateur en immobilier','Immobilier'),(314,'Syndic de copropriété','Immobilier'),(315,'Chaudronnière-tuyauteuse, chaudronnier-tuyauteur','Industrie nucléaire'),(316,'Echafaudeuse, echafaudeur','Industrie nucléaire'),(317,'Electricien.ne','Industrie nucléaire'),(318,'Mécanicien.ne robinetière/robinetier','Industrie nucléaire'),(319,'Mécanicien.ne sur machines tournantes','Industrie nucléaire'),(320,'Monteuse, monteur en isolation thermique (calorifugeuse, calorifugeur)','Industrie nucléaire'),(321,'Peintre en revêtements industriels','Industrie nucléaire'),(322,'Soudeuse, soudeur','Industrie nucléaire'),(323,'Technicien.ne de maintenance en instrumentation-automatisme','Industrie nucléaire'),(324,'Technicien.ne en contrôles et examens non destructifs','Industrie nucléaire'),(325,'Technicien.ne en radioprotection','Industrie nucléaire'),(326,'Technicien.ne logistique nucléaire','Industrie nucléaire'),(327,'Technicien.ne préparation-méthode','Industrie nucléaire'),(328,'Administratrice, administrateur réseaux','Industries de l\'impression et de la communication graphique'),(329,'Chef.fe de projet cross-média','Industries de l\'impression et de la communication graphique'),(330,'Conductrice, conducteur de machine à imprimer','Industries de l\'impression et de la communication graphique'),(331,'Conductrice, conducteur de machine de finition','Industries de l\'impression et de la communication graphique'),(332,'Conductrice, conducteur presse numérique','Industries de l\'impression et de la communication graphique'),(333,'Directrice, directeur de site industriel','Industries de l\'impression et de la communication graphique'),(334,'Fabricante-deviseuse, fabricant-deviseur','Industries de l\'impression et de la communication graphique'),(335,'Ingénieur.e recherche et développement','Industries de l\'impression et de la communication graphique'),(336,'Opératrice, opérateur prépresse','Industries de l\'impression et de la communication graphique'),(337,'Opératrice, opérateur presse numérique','Industries de l\'impression et de la communication graphique'),(338,'Responsable colorimétrie','Industries de l\'impression et de la communication graphique'),(339,'Responsable de production','Industries de l\'impression et de la communication graphique'),(340,'Responsable prépresse','Industries de l\'impression et de la communication graphique'),(341,'Responsable qualité','Industries de l\'impression et de la communication graphique'),(342,'Responsable web-to-print','Industries de l\'impression et de la communication graphique'),(343,'Technico-commercial.e','Industries de l\'impression et de la communication graphique'),(344,'Attaché.e de recherche clinique','Industries de santé'),(345,'Auditrice, auditeur qualité','Industries de santé'),(346,'Chef.fe de produit','Industries de santé'),(347,'Délégué.e pharmaceutique','Industries de santé'),(348,'Technicien.ne de maintenance','Industries de santé'),(349,'Technicien.ne de production','Industries de santé'),(350,'Commercial.e','Industries des papiers cartons'),(351,'Conceptrice, concepteur d\'emballage','Industries des papiers cartons'),(352,'Conductrice, conducteur de ligne de transformation','Industries des papiers cartons'),(353,'Conductrice, conducteur de machine à papier','Industries des papiers cartons'),(354,'Ingénieur.e papetière/papetier','Industries des papiers cartons'),(355,'Responsable fabrication','Industries des papiers cartons'),(356,'Responsable qualité-sécurité-environnement','Industries des papiers cartons'),(357,'Technicien.ne de laboratoire','Industries des papiers cartons'),(358,'Chaudronnière, chaudronnier','Industries et nouvelles technologies'),(359,'Chaudronnière-soudeuse, chaudronnier-soudeur','Industries et nouvelles technologies'),(360,'Chef.fe de produit','Industries et nouvelles technologies'),(361,'Chef.fe de projet','Industries et nouvelles technologies'),(362,'Contrôleuse, contrôleur non destructif','Industries et nouvelles technologies'),(363,'Coquilleuse, coquilleur','Industries et nouvelles technologies'),(364,'Dessinatrice, dessinateur en installations électriques','Industries et nouvelles technologies'),(365,'Electricien.ne installatrice/installateur','Industries et nouvelles technologies'),(366,'Electrotechnicien.ne','Industries et nouvelles technologies'),(367,'Formatrice, formateur','Industries et nouvelles technologies'),(368,'Frigoriste','Industries et nouvelles technologies'),(369,'Industries et nouvelles technologies','Industries et nouvelles technologies'),(370,'Ingénieur.e en bureau de recherche et développement','Industries et nouvelles technologies'),(371,'Ingénieur.e en bureau d\'études et conception','Industries et nouvelles technologies'),(372,'Ingénieur.e soudeuse/soudeur','Industries et nouvelles technologies'),(373,'Inspectrice, inspecteur en soudage','Industries et nouvelles technologies'),(374,'Mécanicienne-monteuse, mécanicien-monteur','Industries et nouvelles technologies'),(375,'Opératrice soudeuse, opérateur soudeur','Industries et nouvelles technologies'),(376,'Opératrice, opérateur sur machine à commande numérique','Industries et nouvelles technologies'),(377,'Outilleuse-mouliste, outilleur-mouliste','Industries et nouvelles technologies'),(378,'Ouvrière, ouvrier qualifié.e d\'usinage','Industries et nouvelles technologies'),(379,'Pilote de systèmes de production automatisée','Industries et nouvelles technologies'),(380,'Responsable de production','Industries et nouvelles technologies'),(381,'Responsable unité de moulage/noyautage','Industries et nouvelles technologies'),(382,'Soudeuse, soudeur','Industries et nouvelles technologies'),(383,'Technicien.ne chaudronnerie et tuyauterie','Industries et nouvelles technologies'),(384,'Technicien.ne de maintenance','Industries et nouvelles technologies'),(385,'Technicien.ne de maintenance industrielle','Industries et nouvelles technologies'),(386,'Technicien.ne d\'essais','Industries et nouvelles technologies'),(387,'Technicien.ne d\'études en électronique','Industries et nouvelles technologies'),(388,'Technicien.ne d\'études et de réalisation d\'outillage','Industries et nouvelles technologies'),(389,'Technicien.ne en bureau de recherche et développement','Industries et nouvelles technologies'),(390,'Technicien.ne en bureau d\'études et conception','Industries et nouvelles technologies'),(391,'Technicien.ne en mécanique','Industries et nouvelles technologies'),(392,'Technicien.ne metteuse/metteur au point','Industries et nouvelles technologies'),(393,'Technicien.ne régleuse/régleur sur machines outils à commande numérique','Industries et nouvelles technologies'),(394,'Technicien.ne support technique client machine-outil ','Industries et nouvelles technologies'),(395,'Technico-commercial.e','Industries et nouvelles technologies'),(396,'Tourneuse-fraiseuse, tourneur-fraiseur','Industries et nouvelles technologies'),(397,'Tuyauteuse, tuyauteur','Industries et nouvelles technologies'),(398,'Ajusteuse, ajusteur / monteuse, monteur cellule','Industries et nouvelles technologies - aéronautique'),(399,'Contrôleuse, contrôleur contrôle non destructif (cnd)','Industries et nouvelles technologies - aéronautique'),(400,'Electronicien.ne, electricien.ne aéronef','Industries et nouvelles technologies - aéronautique'),(401,'Ingénieur.e conception mécanique','Industries et nouvelles technologies - aéronautique'),(402,'Ingénieur.e de production','Industries et nouvelles technologies - aéronautique'),(403,'Ingénieur.e en bureau d\'études et conception','Industries et nouvelles technologies - aéronautique'),(404,'Ingénieur.e matériaux','Industries et nouvelles technologies - aéronautique'),(405,'Ingénieur.e mécatronique','Industries et nouvelles technologies - aéronautique'),(406,'Ingénieur.e métallurgiste','Industries et nouvelles technologies - aéronautique'),(407,'Ingénieur.e planification','Industries et nouvelles technologies - aéronautique'),(408,'Ingénieur.e process','Industries et nouvelles technologies - aéronautique'),(409,'Ingénieur.e qualité','Industries et nouvelles technologies - aéronautique'),(410,'Ingénieur.e recherche et développement','Industries et nouvelles technologies - aéronautique'),(411,'Ingénieur.e structure','Industries et nouvelles technologies - aéronautique'),(412,'Ingénieur.e supply chain','Industries et nouvelles technologies - aéronautique'),(413,'Ingénieur.e traitement de surfaces','Industries et nouvelles technologies - aéronautique'),(414,'Inspectrice, inspecteur qualité contrôle non destructif (cnd)','Industries et nouvelles technologies - aéronautique'),(415,'Mécanicien.ne avionique','Industries et nouvelles technologies - aéronautique'),(416,'Mécanicien.ne système et cellule','Industries et nouvelles technologies - aéronautique'),(417,'Monteuse-câbleuse, monteur-câbleur','Industries et nouvelles technologies - aéronautique'),(418,'Préparatrice, préparateur méthodes','Industries et nouvelles technologies - aéronautique'),(419,'Responsable de navigabilité ','Industries et nouvelles technologies - aéronautique'),(420,'Responsable qualité','Industries et nouvelles technologies - aéronautique'),(421,'Stratifieuse-drapeuse, stratifieur-drapeur ','Industries et nouvelles technologies - aéronautique'),(422,'Technicien.ne aérostructure','Industries et nouvelles technologies - aéronautique'),(423,'Technicien.ne soudage','Industries et nouvelles technologies - aéronautique'),(424,'Technicien.ne usinage / rectifieuse, rectifieur','Industries et nouvelles technologies - aéronautique'),(425,'Bim manager','Ingénierie'),(426,'Dessinatrice, dessinateur','Ingénierie'),(427,'Economiste de la construction','Ingénierie'),(428,'Ingénieur.e recherche et développement','Ingénierie'),(429,'Projeteuse, projeteur','Ingénierie'),(430,'Agent.e magasinière/magasinier','Maintenance des matériels agricoles, de construction et de manutention, d\'espaces verts'),(431,'Chef.fe d\'atelier','Maintenance des matériels agricoles, de construction et de manutention, d\'espaces verts'),(432,'Conseillère, conseiller en vente de pièces détachées','Maintenance des matériels agricoles, de construction et de manutention, d\'espaces verts'),(433,'Mécanicien.ne en maintenance des matériels','Maintenance des matériels agricoles, de construction et de manutention, d\'espaces verts'),(434,'Mécanicien.ne spécialisé.e (hydraulique, informatique, moteur...)','Maintenance des matériels agricoles, de construction et de manutention, d\'espaces verts'),(435,'Technicien.ne de maintenance des matériels','Maintenance des matériels agricoles, de construction et de manutention, d\'espaces verts'),(436,'Vendeuse, vendeur','Maintenance des matériels agricoles, de construction et de manutention, d\'espaces verts'),(437,'Coupeuse, coupeur','Maroquinerie'),(438,'Maroquinière, maroquinier','Maroquinerie'),(439,'Mécanicien.ne (piquage)','Maroquinerie'),(440,'Sellière-maroquinière, sellier-maroquinier','Maroquinerie'),(441,'Architecte d\'intérieur','Métiers d\'art'),(442,'Bijoutière-joaillière, bijoutier-joaillier','Métiers d\'art'),(443,'Canneuse-pailleuse, canneur-pailleur en ameublement','Métiers d\'art'),(444,'Conservatrice, conservateur / restauratrice, restaurateur du patrimoine','Métiers d\'art'),(445,'Designer','Métiers d\'art'),(446,'Ebéniste d\'art','Métiers d\'art'),(447,'Encadreuse, encadreur d\'art','Métiers d\'art'),(448,'Factrice, facteur d\'instruments','Métiers d\'art'),(449,'Ferronnière, ferronnier d\'art','Métiers d\'art'),(450,'Graphiste','Métiers d\'art'),(451,'Graveuse-médailleuse, graveur-médailleur','Métiers d\'art'),(452,'Horlogère, horloger','Métiers d\'art'),(453,'Maroquinière, maroquinier','Métiers d\'art'),(454,'Marqueteuse, marqueteur','Métiers d\'art'),(455,'Métiers rares','Métiers d\'art'),(456,'Modéliste','Métiers d\'art'),(457,'Modéliste créatrice/créateur textile','Métiers d\'art'),(458,'Mosaïste','Métiers d\'art'),(459,'Peintre en décor','Métiers d\'art'),(460,'Photographe','Métiers d\'art'),(461,'Sculptrice, sculpteur sur bois','Métiers d\'art'),(462,'Sellière, sellier','Métiers d\'art'),(463,'Souffleuse, souffleur de verre ','Métiers d\'art'),(464,'Styliste','Métiers d\'art'),(465,'Tapissière, tapissier d\'ameublement','Métiers d\'art'),(466,'Tourneuse, tourneur sur bois','Métiers d\'art'),(467,'Vannière, vannier','Métiers d\'art'),(468,'Verrière-décoratrice, verrier-décorateur','Métiers d\'art'),(469,'Bouchère, boucher','Métiers de bouche'),(470,'Boulangère, boulanger','Métiers de bouche'),(471,'Charcutière, charcutier','Métiers de bouche'),(472,'Pâtissière, pâtissier','Métiers de bouche'),(473,'Enseigniste','Métiers de l\'enseigne'),(474,'Souffleuse, souffleur de verre ','Métiers de l\'enseigne'),(475,'Commercial.e export','Métiers de l\'agroéquipement'),(476,'Conductrice, conducteur de travaux en entreprises de travaux agricoles','Métiers de l\'agroéquipement'),(477,'Conductrice, conducteur d\'engins agricoles','Métiers de l\'agroéquipement'),(478,'Formatrice, formateur technique','Métiers de l\'agroéquipement'),(479,'Inspectrice, inspecteur commercial.e','Métiers de l\'agroéquipement'),(480,'Inspectrice, inspecteur pièces de rechange','Métiers de l\'agroéquipement'),(481,'Inspectrice, inspecteur technique','Métiers de l\'agroéquipement'),(482,'Magasinière, magasinier / vendeuse, vendeur pièces','Métiers de l\'agroéquipement'),(483,'Mécanicien.ne','Métiers de l\'agroéquipement'),(484,'Responsable d\'atelier','Métiers de l\'agroéquipement'),(485,'Responsable produits','Métiers de l\'agroéquipement'),(486,'Technicien.ne','Métiers de l\'agroéquipement'),(487,'Technicien.ne démonstratrice/démonstrateur','Métiers de l\'agroéquipement'),(488,'Technicien.ne prototypiste','Métiers de l\'agroéquipement'),(489,'Technico-commercial.e','Métiers de l\'agroéquipement'),(490,'Animatrice, animateur 3d','Métiers de l\'image'),(491,'Architecte d\'intérieur','Métiers de l\'image'),(492,'Assistant.e de production','Métiers de l\'image'),(493,'Assistant.e réalisatrice, réalisateur','Métiers de l\'image'),(494,'Character designer','Métiers de l\'image'),(495,'Chargé.e de compte seo / sem','Métiers de l\'image'),(496,'Chef.fe de projet','Métiers de l\'image'),(497,'Chef.fe de projet 3d','Métiers de l\'image'),(498,'Community manager','Métiers de l\'image'),(499,'Designer d\'environnement','Métiers de l\'image'),(500,'Designer d\'espace','Métiers de l\'image'),(501,'Designer d\'interface','Métiers de l\'image'),(502,'Directrice, directeur artistique','Métiers de l\'image'),(503,'Game designer','Métiers de l\'image'),(504,'Graphiste','Métiers de l\'image'),(505,'Infographiste','Métiers de l\'image'),(506,'Infographiste 2d et 3d','Métiers de l\'image'),(507,'Maquettiste','Métiers de l\'image'),(508,'Modeleuse, modeleur 3d','Métiers de l\'image'),(509,'Monteuse, monteur','Métiers de l\'image'),(510,'Monteuse-truquiste, monteur-truquiste','Métiers de l\'image'),(511,'Motion designer','Métiers de l\'image'),(512,'Opératrice, opérateur cadre et lumière','Métiers de l\'image'),(513,'Photographe de mode','Métiers de l\'image'),(514,'Photographe de presse ','Métiers de l\'image'),(515,'Photographe portraitiste','Métiers de l\'image'),(516,'Photographe publicitaire','Métiers de l\'image'),(517,'Programmeuse, programmeur 3d','Métiers de l\'image'),(518,'Régisseuse, régisseur','Métiers de l\'image'),(519,'Responsable e-marketing','Métiers de l\'image'),(520,'Scénographe','Métiers de l\'image'),(521,'Sound designer','Métiers de l\'image'),(522,'Superviseuse, superviseur des effets spéciaux','Métiers de l\'image'),(523,'Technicien.ne de laboratoire photo','Métiers de l\'image'),(524,'Traffic manager','Métiers de l\'image'),(525,'Webdesigner','Métiers de l\'image'),(526,'Acheteuse, acheteur','Métiers du cuir'),(527,'Agent.e de finissage ','Métiers du cuir'),(528,'Assembleuse, assembleur maroquinerie','Métiers du cuir'),(529,'Bottière, bottier','Métiers du cuir'),(530,'Chef.fe de produit','Métiers du cuir'),(531,'Classeuse, classeur de peaux brutes','Métiers du cuir'),(532,'Commercial.e','Métiers du cuir'),(533,'Conseillère, conseiller de vente','Métiers du cuir'),(534,'Cordonnière-réparatrice, cordonnier-réparateur','Métiers du cuir'),(535,'Coupeuse, coupeur','Métiers du cuir'),(536,'Fourreuse, fourreur','Métiers du cuir'),(537,'Gantière, gantier','Métiers du cuir'),(538,'Modéliste','Métiers du cuir'),(539,'Monteuse, monteur chaussure ','Métiers du cuir'),(540,'Opératrice, opérateur de tannage','Métiers du cuir'),(541,'Patronnière, patronnier','Métiers du cuir'),(542,'Piqueuse, piqueur','Métiers du cuir'),(543,'Podo-orthésiste','Métiers du cuir'),(544,'Prototypiste','Métiers du cuir'),(545,'Responsable de collection','Métiers du cuir'),(546,'Responsable de magasin','Métiers du cuir'),(547,'Responsable de production','Métiers du cuir'),(548,'Responsable export','Métiers du cuir'),(549,'Sellière-maroquinière, sellier-maroquinier','Métiers du cuir'),(550,'Styliste','Métiers du cuir'),(551,'Ingénieur.e','Métiers scientifiques et techniques'),(552,'Technicien.ne','Métiers scientifiques et techniques'),(553,'Capitaine','Navigation fluviale'),(554,'Commandant.e','Navigation fluviale'),(555,'Matelot.e','Navigation fluviale'),(556,'Administratrice, administrateur réseaux','Numérique'),(557,'Architecte systèmes réseaux ','Numérique'),(558,'Data scientist','Numérique'),(559,'Développeuse, développeur','Numérique'),(560,'Développeuse, développeur web','Numérique'),(561,'Expert.e sécurité','Numérique'),(562,'Ingénieur.e systèmes et réseaux','Numérique'),(563,'Installatrice, installateur de systèmes informatiques','Numérique'),(564,'Responsable administration réseaux et sécurité informatique','Numérique'),(565,'Webdesigner','Numérique'),(566,'Conceptrice, concepteur en bureau d\'études','Plasturgie et composites'),(567,'Conductrice, conducteur de machines','Plasturgie et composites'),(568,'Ingénieur.e recherche et développement','Plasturgie et composites'),(569,'Monteuse-régleuse, monteur-régleur','Plasturgie et composites'),(570,'Responsable d\'atelier','Plasturgie et composites'),(571,'Technicien.ne qualité','Plasturgie et composites'),(572,'Chef.fe de rayon poissonnerie','Poissonnerie'),(573,'Poissonnière, poissonnier','Poissonnerie'),(574,'Poissonnière-traiteuse, poissonnier-traiteur ','Poissonnerie'),(575,'Adjoint.e administrative/administratif','Police nationale'),(576,'Adjoint.e de sécurité ','Police nationale'),(577,'Agent.e spécialisé.e de police technique et scientifique','Police nationale'),(578,'Attaché.e d\'administrations ministère de l\'intérieur','Police nationale'),(579,'Cadet.te de la république','Police nationale'),(580,'Commissaire de police','Police nationale'),(581,'Gardien.ne de la paix','Police nationale'),(582,'Ingénieur.e de la police technique et scientifique','Police nationale'),(583,'Officière, officier de police','Police nationale'),(584,'Secrétaire administrative/administratif ministère de l\'intérieur','Police nationale'),(585,'Service citoyen volontaire','Police nationale'),(586,'Technicien.ne de police technique et scientifique','Police nationale'),(587,'Agent.e cynophile de sécurité','Prévention, sécurité'),(588,'Agent.e de prévention et de sécurité','Prévention, sécurité'),(589,'Agent.e de sécurité','Prévention, sécurité'),(590,'Agent.e de sécurité incendie','Prévention, sécurité'),(591,'Chef.fe de service de sécurité incendie','Prévention, sécurité'),(592,'Chef.fe d\'équipe','Prévention, sécurité'),(593,'Chef.fe d\'équipe de sécurité incendie','Prévention, sécurité'),(594,'Prothésiste dentaire','Prothésiste dentaire'),(595,'Assistant.e administrative/administratif','Rendez-vous dans l\'entreprise'),(596,'Chef.fe d\'entreprise','Rendez-vous dans l\'entreprise'),(597,'Comptable','Rendez-vous dans l\'entreprise'),(598,'Expert.e-comptable','Rendez-vous dans l\'entreprise'),(599,'Juriste d\'entreprise','Rendez-vous dans l\'entreprise'),(600,'Responsable de communication','Rendez-vous dans l\'entreprise'),(601,'Responsable marketing','Rendez-vous dans l\'entreprise'),(602,'Responsable qualité-hygiène-sécurité-environnement','Rendez-vous dans l\'entreprise'),(603,'Responsable ressources humaines','Rendez-vous dans l\'entreprise'),(604,'Agent.e de restauration','Restauration collective'),(605,'Chauffeuse-livreuse, chauffeur-livreur','Restauration collective'),(606,'Chef.fe de cuisine','Restauration collective'),(607,'Chef.fe gérant.e','Restauration collective'),(608,'Commis.e de cuisine','Restauration collective'),(609,'Commis.e en pâtisserie','Restauration collective'),(610,'Cuisinière, cuisinier de collectivité','Restauration collective'),(611,'Diététicien.ne','Restauration collective'),(612,'Directrice, directeur de restaurant','Restauration collective'),(613,'Directrice, directeur régional.e','Restauration collective'),(614,'Employé.e de restauration','Restauration collective'),(615,'Hôte.sse de caisse','Restauration collective'),(616,'Pâtissière, pâtissier','Restauration collective'),(617,'Plongeuse, plongeur','Restauration collective'),(618,'Répartitrice, répartiteur','Restauration collective'),(619,'Responsable de groupe','Restauration collective'),(620,'Responsable de plonge','Restauration collective'),(621,'Responsable de secteur','Restauration collective'),(622,'Responsable qualité','Restauration collective'),(623,'Second.e de cuisine','Restauration collective'),(624,'Accompagnant.e éducatif et social (aes)','Santé-social'),(625,'Aide-soignant.e','Santé-social'),(626,'Ambulancière, ambulancier','Santé-social'),(627,'Assistant.e de service social','Santé-social'),(628,'Assistant.e de vie aux familles','Santé-social'),(629,'Assistant.e familial.e','Santé-social'),(630,'Audioprothésiste','Santé-social'),(631,'Auxiliaire de puériculture','Santé-social'),(632,'Chirurgien.ne dentiste','Santé-social'),(633,'Codeuse, codeur en langue parlée complétée','Santé-social'),(634,'Conseillère, conseiller en économie sociale et familiale','Santé-social'),(635,'Educatrice, educateur de jeunes enfants','Santé-social'),(636,'Educatrice, educateur spécialisé.e','Santé-social'),(637,'Educatrice, educateur technique spécialisé.e','Santé-social'),(638,'Encadrant.e aide à domicile (responsable de secteur et directrice/directeur)','Santé-social'),(639,'Ergothérapeute','Santé-social'),(640,'Infirmière, infirmier','Santé-social'),(641,'Infirmière-puéricultrice, infirmier-puériculteur','Santé-social'),(642,'Mandataire judiciaire à la protection des majeur.e.s','Santé-social'),(643,'Manipulatrice, manipulateur en électroradiologie médicale','Santé-social'),(644,'Masseuse-kinésithérapeute, masseur-kinésithérapeute','Santé-social'),(645,'Médecin','Santé-social'),(646,'Médiatrice, médiateur familial.e','Santé-social'),(647,'Monitrice-éducatrice, moniteur-éducateur','Santé-social'),(648,'Orthophoniste','Santé-social'),(649,'Orthoptiste','Santé-social'),(650,'Pharmacien.ne','Santé-social'),(651,'Préparatrice, préparateur en pharmacie hospitalière','Santé-social'),(652,'Psychomotricien.ne','Santé-social'),(653,'Sage-femme, maïeuticien','Santé-social'),(654,'Technicien.ne de laboratoire médical','Santé-social'),(655,'Technicien.ne en intervention sociale et familiale (tisf)','Santé-social'),(656,'Jeune sapeuse-pompière/sapeur-pompier','Sapeurs-pompiers'),(657,'Personnel administratif, technique et spécialisé','Sapeurs-pompiers'),(658,'Personnel du service de santé et de secours médical','Sapeurs-pompiers'),(659,'Sapeuse-pompière, sapeur-pompier professionnel.le','Sapeurs-pompiers'),(660,'Sapeuse-pompière, sapeur-pompier volontaire','Sapeurs-pompiers'),(661,'Chargé.e de communication','Sécurité sociale'),(662,'Chef.fe de projet moa','Sécurité sociale'),(663,'Comptable','Sécurité sociale'),(664,'Gestionnaire conseil sécurité sociale','Sécurité sociale'),(665,'Gestionnaire de paie ','Sécurité sociale'),(666,'Infirmière, infirmier','Sécurité sociale'),(667,'Informaticien.ne','Sécurité sociale'),(668,'Juriste','Sécurité sociale'),(669,'Manager de proximité','Sécurité sociale'),(670,'Médecin conseil ','Sécurité sociale'),(671,'Psychologue','Sécurité sociale'),(672,'Responsable ressources humaines','Sécurité sociale'),(673,'Secrétaire','Sécurité sociale'),(674,'Technicien.ne conseil sécurité sociale','Sécurité sociale'),(675,'Sellière, sellier','Sellerie'),(676,'Animatrice, animateur des activités aquatiques','Sport - animation'),(677,'Animatrice, animateur sports collectifs','Sport - animation'),(678,'Animatrice-éducatrice-monitrice sportive et socioculturelle, animateur-éducateur-moniteur sportif et socioculturel','Sport - animation'),(679,'Cavalière, cavalier d\'entraînement','Sport - animation'),(680,'Coach sportive, sportif','Sport - animation'),(681,'Commercial.e dans le secteur sportif','Sport - animation'),(682,'Directrice, directeur d’accueils collectifs de mineurs','Sport - animation'),(683,'Directrice, directeur de structure, manager, chef.fe de projet','Sport - animation'),(684,'Driver','Sport - animation'),(685,'Educatrice sportive, educateur sportif','Sport - animation'),(686,'Enseignante et enseignante-chercheuse, enseignant et enseignant-chercheur','Sport - animation'),(687,'Entraîneuse sportive, entraîneur sportif de haut niveau','Sport - animation'),(688,'Entraîneuse, entraîneur galop','Sport - animation'),(689,'Entraîneuse, entraîneur trot','Sport - animation'),(690,'Fille, garçon de voyage','Sport - animation'),(691,'Jockey','Sport - animation'),(692,'Lad','Sport - animation'),(693,'Maître-nageuse sauveteuse, maître-nageur sauveteur','Sport - animation'),(694,'Première fille, premier garçon','Sport - animation'),(695,'Professeur.e de fitness','Sport - animation'),(696,'Responsable d’événements sportifs','Sport - animation'),(697,'Technicien.ne-ingénieur.e dans le secteur sportif','Sport - animation'),(698,'Acheteuse, acheteur','Textile'),(699,'Chef.fe de produit','Textile'),(700,'Coloriste','Textile'),(701,'Conceptrice, concepteur','Textile'),(702,'Conductrice, conducteur de machine numérique textile','Textile'),(703,'Contrôleuse, contrôleur de qualité','Textile'),(704,'Dessinatrice, dessinateur textile','Textile'),(705,'Développeuse, développeur','Textile'),(706,'Imprimeuse, imprimeur','Textile'),(707,'Ingénieur.e de production','Textile'),(708,'Ingénieur.e recherche et développement','Textile'),(709,'Moulinière, moulinier','Textile'),(710,'Opératrice, opérateur polyvalent.e de production (procédé tissage ou procédé tricotage)','Textile'),(711,'Photograveuse, photograveur','Textile'),(712,'Pilote de ligne d\'ennoblissement','Textile'),(713,'Responsable export','Textile'),(714,'Responsable logistique','Textile'),(715,'Technicien.ne de maintenance','Textile'),(716,'Technicien.ne de réglage et maintenance de machines textiles automatisées','Textile'),(717,'Technicien.ne en bureau de recherche et développement','Textile'),(718,'Agent.e de planning / technicien.ne d\'exploitation en transport interurbain de voyageurs','Transport, logistique, déménagement'),(719,'Agent.e d\'exploitation du transport routier de marchandises','Transport, logistique, déménagement'),(720,'Chauffeuse, chauffeur de taxi','Transport, logistique, déménagement'),(721,'Commercial.e prestations transport logistique','Transport, logistique, déménagement'),(722,'Conductrice routière, conducteur routier de marchandises','Transport, logistique, déménagement'),(723,'Conductrice routière, conducteur routier de voyageurs','Transport, logistique, déménagement'),(724,'Conductrice-livreuse, conducteur-livreur','Transport, logistique, déménagement'),(725,'Déclarant.e en douane','Transport, logistique, déménagement'),(726,'Déménageuse, déménageur professionnel.le','Transport, logistique, déménagement'),(727,'Gestionnaire de parc','Transport, logistique, déménagement'),(728,'Gestionnaire de stocks','Transport, logistique, déménagement'),(729,'Magasinière, magasinier cariste','Transport, logistique, déménagement'),(730,'Mécanicien.ne préparatrice/préparateur poids lourds & autocars','Transport, logistique, déménagement'),(731,'Monitrice, moniteur auto-école (enseignant.e de la conduite)','Transport, logistique, déménagement'),(732,'Opératrice, opérateur logistique','Transport, logistique, déménagement'),(733,'Organisatrice, organisateur de transport','Transport, logistique, déménagement'),(734,'Réceptionnaire/préparatrice, préparateur de commandes','Transport, logistique, déménagement'),(735,'Responsable d\'exploitation','Transport, logistique, déménagement'),(736,'Responsable logistique','Transport, logistique, déménagement'),(737,'Responsable méthode','Transport, logistique, déménagement'),(738,'Technicien.ne de maintenance','Transport, logistique, déménagement'),(739,'Technicien.ne du transit et de la douane','Transport, logistique, déménagement'),(740,'Vendeuse, vendeur conseil en voyages d\'affaires et de tourisme','Transport, logistique, déménagement'),(741,'Chargé.e d\'affaires télécoms','Travaux publics'),(742,'Chef.fe de chantier','Travaux publics'),(743,'Conductrice, conducteur de travaux','Travaux publics'),(744,'Conductrice, conducteur d\'engins','Travaux publics'),(745,'Constructrice, constructeur de canalisations','Travaux publics'),(746,'Constructrice, constructeur de routes','Travaux publics'),(747,'Constructrice, constructeur en génie civil / ouvrages d\'art','Travaux publics'),(748,'Dessinatrice-projeteuse, dessinateur-projeteur télécoms ','Travaux publics'),(749,'Géomètre-topographe','Travaux publics'),(750,'Mécanicien.ne d\'engins','Travaux publics'),(751,'Monteuse, monteur de réseaux','Travaux publics'),(752,'Négociatrice, négociateur télécoms ','Travaux publics'),(753,'Ouvrière, ouvrier voirie réseaux divers (vrd)','Travaux publics'),(754,'Technicien.ne télécoms','Travaux publics'),(755,'Ingénieur.e de production','Usinage et décolletage'),(756,'Ingénieur.e études et méthodes','Usinage et décolletage'),(757,'Opératrice-régleuse, opérateur-régleur en décolletage','Usinage et décolletage'),(758,'Responsable de production','Usinage et décolletage'),(759,'Technicien.ne de maintenance','Usinage et décolletage'),(760,'Technicien.ne de production','Usinage et décolletage'),(761,'Technicien.ne des méthodes','Usinage et décolletage'),(762,'Technicien.ne d\'études','Usinage et décolletage'),(763,'Technicien.ne en automatisme','Usinage et décolletage'),(764,'Technicien.ne qualité contrôle','Usinage et décolletage'),(765,'Technicien.ne régleuse/régleur sur machines outils à commande numérique','Usinage et décolletage'),(766,'Technicien.ne régleuse/régleur sur tours automatiques','Usinage et décolletage'),(767,'Technicien.ne robotique industrielle','Usinage et décolletage'),(768,'Technicien.ne technico-commercial.e','Usinage et décolletage');
/*!40000 ALTER TABLE `job` ENABLE KEYS */;
UNLOCK TABLES;

--
-- Table structure for table `user`
--

DROP TABLE IF EXISTS `user`;
/*!40101 SET @saved_cs_client     = @@character_set_client */;
/*!40101 SET character_set_client = utf8 */;
CREATE TABLE `user` (
  `id` int(11) NOT NULL AUTO_INCREMENT,
  `username` varchar(180) COLLATE utf8_unicode_ci NOT NULL,
  `username_canonical` varchar(180) COLLATE utf8_unicode_ci NOT NULL,
  `email` varchar(180) COLLATE utf8_unicode_ci NOT NULL,
  `email_canonical` varchar(180) COLLATE utf8_unicode_ci NOT NULL,
  `enabled` tinyint(1) NOT NULL,
  `salt` varchar(255) COLLATE utf8_unicode_ci DEFAULT NULL,
  `password` varchar(255) COLLATE utf8_unicode_ci NOT NULL,
  `last_login` datetime DEFAULT NULL,
  `confirmation_token` varchar(180) COLLATE utf8_unicode_ci DEFAULT NULL,
  `password_requested_at` datetime DEFAULT NULL,
  `roles` longtext COLLATE utf8_unicode_ci NOT NULL COMMENT '(DC2Type:array)',
  `firstname` varchar(35) COLLATE utf8_unicode_ci NOT NULL,
  `lastname` varchar(35) COLLATE utf8_unicode_ci NOT NULL,
  `gender` varchar(10) COLLATE utf8_unicode_ci NOT NULL,
  `status` varchar(100) COLLATE utf8_unicode_ci NOT NULL,
  `age` smallint(6) NOT NULL,
  `department` smallint(6) NOT NULL,
  `newsletter` tinyint(1) NOT NULL,
  `satisfaction` smallint(6) DEFAULT NULL,
  `comment` longtext COLLATE utf8_unicode_ci,
  PRIMARY KEY (`id`),
  UNIQUE KEY `UNIQ_8D93D64992FC23A8` (`username_canonical`),
  UNIQUE KEY `UNIQ_8D93D649A0D96FBF` (`email_canonical`),
  UNIQUE KEY `UNIQ_8D93D649C05FB297` (`confirmation_token`),
  KEY `u_news` (`newsletter`),
  KEY `u_usrn` (`username`),
  KEY `u_usrn_c` (`username_canonical`),
  KEY `u_email_c` (`email_canonical`),
  KEY `u_email` (`email`)
) ENGINE=InnoDB AUTO_INCREMENT=76 DEFAULT CHARSET=utf8 COLLATE=utf8_unicode_ci;
/*!40101 SET character_set_client = @saved_cs_client */;

--
-- Dumping data for table `user`
--

LOCK TABLES `user` WRITE;
/*!40000 ALTER TABLE `user` DISABLE KEYS */;
INSERT INTO `user` VALUES (1,'r.vouillon','r.vouillon','r.vouillon@mondial-metiers.com','r.vouillon@mondial-metiers.com',1,'ngj93q04s3k4ckccogs8os0sk4kwss4','$2y$13$ngj93q04s3k4ckccogs8oebc7jpNNS3EuPHA/t3xK7h0AldfYfxxK','2017-02-04 09:50:01',NULL,NULL,'a:1:{i:0;s:16:\"ROLE_SUPER_ADMIN\";}','R','Vouillon','F','Autre',0,69,0,NULL,NULL),(2,'k.giovanelli','k.giovanelli','k.giovanelli@mondial-metiers.com','k.giovanelli@mondial-metiers.com',1,'jcw4z82imugowk884s0go80oo0c40o4','$2y$13$jcw4z82imugowk884s0gou817nhjoSIibDwKHzHtRVfzAcepmsRfa','2017-01-22 23:50:13',NULL,NULL,'a:1:{i:0;s:16:\"ROLE_SUPER_ADMIN\";}','K','Giovanelli','F','Autre',0,69,0,NULL,NULL),(3,'la','la','laurent@wildcodeschool.fr','laurent@wildcodeschool.fr',1,NULL,'$2y$13$Kw2gIytH/sOMwQjKL9wcyOfwbLqPBEbd0rbZ1FiGjpwUTf8OuGcaq','2017-01-23 13:19:39','7XtN9590tXvVsDhZwxjy-WsWuR6ZTNfS1v6uvRCk4MA','2017-01-24 10:40:33','a:0:{}','laurent','aubertin','H','Salarié',99,73,0,NULL,NULL),(4,'fradou','fradou','alex.fradet.1@gmail.com','alex.fradet.1@gmail.com',1,NULL,'$2y$13$NapLrUvwNpNBsRCDzRrydOR/nKlcHt.0Smh7oAhjY4tsc37f1Yr/q','2017-01-23 13:27:27',NULL,NULL,'a:0:{}','Alexandre','Fradet','H','Adulte en réorientation',29,69,0,NULL,NULL),(5,'Co','co','corynenicq@gmail.com','corynenicq@gmail.com',1,NULL,'$2y$13$8yaZ2BffrWU89IL..aijr.0UfIhq5TTye4N.Rr/SQ2DApsOtoUtai','2017-01-23 15:37:19',NULL,NULL,'a:0:{}','Coryne','Nicq','F','Autre',53,69,1,NULL,NULL),(6,'Mattj','mattj','janvierm@gmail.com','janvierm@gmail.com',1,NULL,'$2y$13$szUm9iCwugkm5CiGEtxm1eOLPxGFTdFrs2VWV/c7KMIIwaW078XcG','2017-02-02 09:12:44',NULL,NULL,'a:0:{}','Matthieu','Janvier','H','Adulte en réorientation',30,69,0,4,NULL),(7,'DamienArmente','damienarmente','damien@wildcodeschool.fr','damien@wildcodeschool.fr',1,NULL,'$2y$13$P4VbBV2eCJhsJidJQt9KFu/wPdXTqvejE/JMohI/FDCfdsu/r3g4S','2017-01-23 18:15:05',NULL,NULL,'a:0:{}','Damien','Armenté','H','Professionnel de l\'orientation et de la formation',32,69,1,NULL,NULL),(8,'Alpoup','alpoup','alec.guglielmi@gmail.com','alec.guglielmi@gmail.com',1,NULL,'$2y$13$hGWUwT0tKfKnPic5XEJFe.w53IHIkgqap5JgJyJSckDNKqAkq6dg6','2017-01-23 21:28:52',NULL,NULL,'a:0:{}','Alec','Guglielmi','H','Lycéen',16,69,1,NULL,NULL),(9,'Logug','logug','loys.guglielmi@gmail.com','loys.guglielmi@gmail.com',1,NULL,'$2y$13$rVOEJmYTT0Z5lj9gspjhser0QY7xi7m3bycrzGKD61z6lG2.BYMVW','2017-01-23 21:31:16',NULL,NULL,'a:0:{}','Loys','Guglielmi','H','Lycéen',16,69,1,NULL,NULL),(10,'Kelly','kelly','kelly_giovanelli@hotmail.fr','kelly_giovanelli@hotmail.fr',1,NULL,'$2y$13$1/iq3zdmnsbe4I8rvTuzp.Loc5MJqKIeBQtZnTQKtPkZqklpkp9rG','2017-01-24 09:01:49',NULL,NULL,'a:0:{}','Kelly','Giovanelli','F','Salarié',28,69,0,NULL,NULL),(11,'Milus','milus','emilieperreton@gmail.com','emilieperreton@gmail.com',1,NULL,'$2y$13$oFU6rLdyMxp3APWfqZdB5.8QRBJLRUOfpXkeQPSrXj/rtlwUNNV6K','2017-01-24 09:18:38',NULL,NULL,'a:0:{}','Emilie','Perreton','F','Salarié',28,69,0,NULL,NULL),(12,'tib42','tib42','thibaut.brek2010@live.fr','thibaut.brek2010@live.fr',1,NULL,'$2y$13$t8PXj1fV2Is7IQEjGjUrH.wA7YXRYu247RhBmbFFzOuAiXlxvADY6','2017-01-26 22:40:26',NULL,NULL,'a:0:{}','thibaut','brek','H','Etudiant',18,42,0,NULL,NULL),(13,'Pierre_A','pierre_a','pierre@ammeloot.fr','pierre@ammeloot.fr',1,NULL,'$2y$13$Wp3dj4Yxk4PfaA0JNS86N.JQZ757pGO65H7/we/M2r3FvYpCeCMVu','2017-02-02 18:00:01',NULL,NULL,'a:0:{}','Pierre','Ammeloot','H','Autre',27,74,1,NULL,NULL),(14,'velo','velo','eric.chaudier@sfr.fr','eric.chaudier@sfr.fr',1,NULL,'$2y$13$G8KJw0I06MaOBD4Cjsp8AOOJNZEJ1.nuDFISf7KTGve7fSXCdqkHK','2017-01-30 11:05:39',NULL,NULL,'a:0:{}','Eric','Chaudier','H','Demandeur d\'emploi',51,42,1,NULL,NULL),(15,'fred','fred','modjadedi@gmail.com','modjadedi@gmail.com',1,NULL,'$2y$13$10.vVg7OXXon/T6ukfLMOeR.uVQmLeiQYmjhqb//vS9sJeN3fnOEO','2017-01-30 18:59:36',NULL,NULL,'a:0:{}','feraidoun','modjadedi','H','Salarié',45,69,1,NULL,NULL),(16,'lou','lou','louaneperret@hotmail.fr','louaneperret@hotmail.fr',1,NULL,'$2y$13$Glt4JFpsatLv3gKfHHnhUuPAdqv5UwykOI1tIKDZ/KYm/HER2/ORK','2017-01-31 06:18:57',NULL,NULL,'a:0:{}','louane','perret','F','Etudiant',19,69,0,NULL,NULL),(17,'friend38','friend38','chimacoco164@gmail.com','chimacoco164@gmail.com',1,NULL,'$2y$13$tJ8NF4JkxBHJDl9qzXnR9eMaUHYimIxrhrpAWdDNl5PgZhIxlTTmi','2017-01-31 12:18:35',NULL,NULL,'a:0:{}','francois','reymond','H','Collégien',15,73,1,NULL,NULL),(18,'MallBlockxx','mallblockxx','terence.lefebvre@hotmail.fr','terence.lefebvre@hotmail.fr',1,NULL,'$2y$13$CkGIqC0VrEMRNKaQa9eI..u8XdJqONWbFsP.9ocwbrp2/rWJbZhze','2017-01-31 17:38:21',NULL,NULL,'a:0:{}','Térence','Lefebvre','H','Lycéen',16,69,0,NULL,NULL),(19,'MADRU','madru','stephaniemadru@hotmail.fr','stephaniemadru@hotmail.fr',1,NULL,'$2y$13$mS3LNYF1GawPehEmZpmFfOVlt/YZuyB/zcEwSDoRdkFr1dC1/XYti','2017-01-31 20:42:48',NULL,NULL,'a:0:{}','STEPHANIE','MADRU','F','Salarié',38,69,0,NULL,NULL),(20,'Mr Hugo','mr hugo','hugo.menardballayer@gmail.com','hugo.menardballayer@gmail.com',1,NULL,'$2y$13$olDg59fxqQc9uwTWOvwru.7RMh4bNRL4uFzFSzF/Pz.U2lK/8VltC','2017-02-01 15:56:58',NULL,NULL,'a:0:{}','Hugo','Menard Ballayer','H','Lycéen',17,38,0,NULL,NULL),(21,'JustineG','justineg','justinegathelier@hotmail.fr','justinegathelier@hotmail.fr',1,NULL,'$2y$13$48EwmwQH53iKT.fIjc0J1.6RrBaGlX3/DrEzBDv2V2O2mEKNw6dma','2017-02-01 16:34:16',NULL,NULL,'a:0:{}','Justine','GATHELIER','F','Salarié',21,69,0,NULL,NULL),(22,'MossMoss','mossmoss','mossanehalimamoussa@gmail.com','mossanehalimamoussa@gmail.com',1,NULL,'$2y$13$TcY88jDBVcClvPzpKQE1G..6a.TA4P8YkQGRU6xfcDek4UNyF/x8q','2017-02-01 19:48:37',NULL,NULL,'a:0:{}','Mossane','Moussa','F','Lycéen',15,69,0,NULL,NULL),(23,'basile.dg','basile.dg','basile.degroote@gmail.com','basile.degroote@gmail.com',1,NULL,'$2y$13$DvehFcBODInIxOsE17IlTOC76H.iDoEbUFQZgJLNyCbb19yxAb./6','2017-02-02 08:07:08',NULL,NULL,'a:0:{}','Basile','Degroote','H','Lycéen',15,63,1,NULL,NULL),(24,'69610nl','69610nl','ned.family@bbox.fr','ned.family@bbox.fr',1,NULL,'$2y$13$Mk5XJTxftyaFWX5lZcOLVOfkOKv.d3NmM4rc7HLZKYrybvJGL8LS6','2017-02-02 08:21:27',NULL,NULL,'a:0:{}','Nathan','LICARI','H','Collégien',14,42,0,NULL,NULL),(25,'elliott ralliere','elliott ralliere','elliott.ralliere@outlook.fr','elliott.ralliere@outlook.fr',1,NULL,'$2y$13$90lvdXfDV2I2Ek78S8tYhefuntkB6sw6q4GAqvNOXussoHkBKNn9K','2017-02-02 21:25:46',NULL,NULL,'a:0:{}','elliott','ralliere','H','Lycéen',15,38,1,3,NULL),(26,'florentDabin','florentdabin','dabinflorent@gmail.com','dabinflorent@gmail.com',1,NULL,'$2y$13$UCWsHLOzYrLO5mgyKBsYSu6/KgJNr7X.fAj7hjA/yEyGA2BhZs.ke','2017-02-02 09:06:04',NULL,NULL,'a:0:{}','florent','dabin','H','Etudiant',27,69,0,4,'Une application super bien conçu, et utile à tous ! bravo'),(27,'Fradou2','fradou2','afradou@gmail.com','afradou@gmail.com',1,NULL,'$2y$13$A9brbgoU4xmyM/4OqPzGHOl0CVV6bqRtKQ51Wc1ethv/Bal0r9rJK','2017-02-02 11:13:03',NULL,NULL,'a:0:{}','Alexandre','Fradet','H','Etudiant',29,69,0,4,NULL),(28,'Ciloo','ciloo','ciloo-electro@hotmail.fr','ciloo-electro@hotmail.fr',1,NULL,'$2y$13$fmlm9fg1Jdq5eKH8FgkL5.v44IkL.zBfmWnViSjHvmjux5orijdty','2017-02-03 20:17:15',NULL,NULL,'a:0:{}','Cécile','Angays','F','Adulte en réorientation',26,69,0,3,NULL),(29,'Lukasaman-69','lukasaman-69','lukasaman69@gmail.com','lukasaman69@gmail.com',1,NULL,'$2y$13$csjSFcz5XImpkyt1E84h6.w0laq/t/l6ry62ix3iid71iiimBWBXy','2017-02-02 10:07:27',NULL,NULL,'a:0:{}','Lukas','Saman','H','Collégien',15,69,0,4,NULL),(30,'Kamssey','kamssey','matkassim1@gmail.com','matkassim1@gmail.com',1,NULL,'$2y$13$V/Bsjxdoj25K7SNOSMeUgOmjYtD6CbpH5ame2TS430Z.q/4fXB7j2','2017-02-02 10:15:56',NULL,NULL,'a:0:{}','Kassim','ABDALLAH','H','Autre',24,69,0,3,'Sympa'),(31,'ORIANETTE','orianette','o.dalzon@gmail.com','o.dalzon@gmail.com',1,NULL,'$2y$13$LbmRCZk1FYvtM6hD0N508.aTqW5BhyPgPRUYW1H0hgDHVsQih6DtS','2017-02-02 10:51:00',NULL,NULL,'a:0:{}','ORIANE','DALZON','F','Demandeur d\'emploi',34,38,0,3,'Personnel à l\'écoute et agréable. Salon bien agencé et clair.'),(32,'nalo26','nalo26','nath.v26@gmail.com','nath.v26@gmail.com',1,NULL,'$2y$13$17j3PsbLPfS09WOD9A.GH.OQzL2bVsZJqaDqO3t6AGiRybSRZIIP6','2017-02-02 12:06:34',NULL,NULL,'a:0:{}','Nathan','Vey','H','Lycéen',14,26,0,NULL,NULL),(33,'bussardf','bussardf','bussardf@hotmail.fr','bussardf@hotmail.fr',1,NULL,'$2y$13$uQdvN4pomQlpNPYI9dRtCOH50V4GYaXXDIZQaY7BS.fh62kEng2se','2017-02-02 13:15:35',NULL,NULL,'a:0:{}','franck','bussard','H','Autre',41,69,0,NULL,NULL),(34,'Julienlxix','julienlxix','julien69360@hotmail.fr','julien69360@hotmail.fr',1,NULL,'$2y$13$J8tJzPui2LfOuqX/x06TI.trzzCm0jQh/qma3Eg7JmRDOclgiCHfC','2017-02-02 14:05:55',NULL,NULL,'a:0:{}','Julien','GARCIA','H','Etudiant',18,69,0,4,'Supers hôtes d\'accueil, très sympathiques et connaissant bien le salon'),(35,'delphiney','delphiney','missdedeldiordu38@live.fr','missdedeldiordu38@live.fr',1,NULL,'$2y$13$SDUpuaF0RINOLzkkOYQumui.4QXRh6fiGCBOaetlvKNdx/epDLpPe','2017-02-02 15:09:40',NULL,NULL,'a:0:{}','Delphine','Yol','F','Lycéen',16,38,0,4,NULL),(36,'Francoise','francoise','francoisetraore6980@gmail.com','francoisetraore6980@gmail.com',1,NULL,'$2y$13$qJxRYZzf.OoKbeh1TbMpxOcwGSu2YGwak1utYKguMaX61Yf1Dg2ju','2017-02-02 16:00:45',NULL,NULL,'a:0:{}','Francoise','Traore','F','Collégien',15,69,0,4,NULL),(37,'Noannadilson','noannadilson','gomes.noannadilson@hotmail.fr','gomes.noannadilson@hotmail.fr',1,NULL,'$2y$13$/WtIQd.pLLYtDegfnr3fouWrtpu1p3wbqPlCEYTe9Yt58biS1zu4C','2017-02-02 17:13:37',NULL,NULL,'a:0:{}','Noann','Gomes','H','Collégien',14,69,1,4,NULL),(38,'sophietran','sophietran','s.tran@live.fr','s.tran@live.fr',1,NULL,'$2y$13$597qQkauvmF3npxT9KMA/uY7MW8LLw9dRn7F8WatHFWMdK0GTrmVO','2017-02-02 18:00:59',NULL,NULL,'a:0:{}','sophie','tran','F','Demandeur d\'emploi',24,69,0,4,NULL),(39,'melynamk','melynamk','m-melyna@hotmail.fr','m-melyna@hotmail.fr',1,NULL,'$2y$13$YOKK1xpJQYNCpKVIFZG2uedPtS.yhWJ2B6kVk2FF5jmgRQWExFGvq','2017-02-02 17:55:31',NULL,NULL,'a:0:{}','melyna','mok','F','Collégien',15,69,1,NULL,NULL),(40,'evap','evap','eva.perrin69@outlook.fr','eva.perrin69@outlook.fr',1,NULL,'$2y$13$0id0CNX1y1XyhxxsR3mq/OvT2MONaGKAz.ayHNfpbHoCPtv8nd.P.','2017-02-02 17:55:47',NULL,NULL,'a:0:{}','Eva','PERRIN','F','Lycéen',16,69,1,4,'toute les personnes, stand que je suis allé voir on su bien expliquer leur metier.\r\npar trop trop de file d\'attente pour les stands.'),(41,'Floris','floris','florisjaffeux1607@gmail.com','florisjaffeux1607@gmail.com',1,NULL,'$2y$13$46HQVedgqNsqdiNLtkMdleeyjSfizkx64AfRhuD0roGKJ47XOtHXi','2017-02-02 18:02:06',NULL,NULL,'a:0:{}','Floris','Jaffeux','H','Collégien',13,69,1,4,'Super'),(42,'soumiya','soumiya','soumiya.mechiche@gmail.Com','soumiya.mechiche@gmail.com',1,NULL,'$2y$13$Vct3k.72GDqHcC12X5p0aOgIVrbY0mKKjuISOFkwK6Kyn/BU6l20i','2017-02-02 19:21:12',NULL,NULL,'a:0:{}','Soumiya','Mechiche','F','Salarié',24,69,0,3,NULL),(43,'Nathan','nathan','vuittonnathan@gmail.com','vuittonnathan@gmail.com',1,NULL,'$2y$13$BHWKUHbNkqcS71KTN9GVwetoanA3FitAyx82PS.YhsKFj1za096Ue','2017-02-02 19:33:58',NULL,NULL,'a:0:{}','Nathan','Vuitton','H','Collégien',14,1,1,3,NULL),(44,'mimi','mimi','marinealves26@hotmail.fr','marinealves26@hotmail.fr',1,NULL,'$2y$13$4A87HONFk/nN6IrQcBbEweE3tXfwGtYz8eATSFVnF9blpyHoXob66','2017-02-02 19:49:24',NULL,NULL,'a:0:{}','Marine','Alves','F','Lycéen',15,26,0,3,NULL),(45,'Clément b','clément b','clement.bekliz@gmail.com','clement.bekliz@gmail.com',1,NULL,'$2y$13$Qao9AztH5BYdmXz9bbDhW.FCmWp.hfgRzkIl4JwZNxMVO9ODKEOHC','2017-02-02 20:15:13',NULL,NULL,'a:0:{}','Clément','Bekliz','H','Collégien',14,69,0,4,NULL),(46,'CarlaB','carlab','bachelotcarla@gmail.com','bachelotcarla@gmail.com',1,NULL,'$2y$13$qD8bDNIx/TLcexZ7SjgaN.A.B352UKU0a3.OKZRhY9BBFq58vsHty','2017-02-02 21:08:38',NULL,NULL,'a:0:{}','Carla','Bachelot','F','Lycéen',17,69,0,NULL,NULL),(47,'nicolasbqx','nicolasbqx','perso@nicolas-bech.net','perso@nicolas-bech.net',1,NULL,'$2y$13$7KdLWJgJL5GNTATjh.IVFO5Sf2rnt08p4JW.ulFpHWoN7a//sRmK.','2017-02-03 09:51:18',NULL,NULL,'a:0:{}','Nicolas','Bechelot','H','Etudiant',16,73,0,4,NULL),(48,'Lakdar znd','lakdar znd','medhy69@hotmail.com','medhy69@hotmail.com',1,NULL,'$2y$13$YFG.mTwAh9LZ5HW.uCzJeu5Pck33N5yAzI1UcTIIDKZO8Ezhc6GEK','2017-02-03 09:57:44',NULL,NULL,'a:0:{}','Lakdar','Hani','H','Collégien',14,69,1,4,NULL),(49,'Karim','karim','paloo.tp@orange.fr','paloo.tp@orange.fr',1,NULL,'$2y$13$hUJ.H8SzuvwKNi745CTIh.najrii9x8GU9X8jewH8ix3OoshQkjzu','2017-02-03 10:22:21',NULL,NULL,'a:0:{}','Karim','Radwan','H','Lycéen',17,1,0,4,NULL),(50,'varinderjitsingh','varinderjitsingh','varinderjitsingh15@gmail.com','varinderjitsingh15@gmail.com',1,NULL,'$2y$13$ncv6E39vRfJcCJrs3K7bjuWE17CpHfYAWsg4RWUbc25F8v7qGycT.','2017-02-03 10:36:24',NULL,NULL,'a:0:{}','Varinderjit','SINGH','H','Lycéen',17,1,0,4,NULL),(51,'adamabdelsalam','adamabdelsalam','adam74335@gmail.com','adam74335@gmail.com',1,NULL,'$2y$13$dwPNBV3TUlSFhuu3QJWRuOi4m6nWiSZKJziL0zjYb1Iu8LzFwm/uS','2017-02-03 10:43:18',NULL,NULL,'a:0:{}','Adam','ABDELSALAM','H','Lycéen',17,1,0,3,NULL),(52,'Dam\'s','dam\'s','dtopoubelle@gmail.com','dtopoubelle@gmail.com',1,NULL,'$2y$13$8LtFNfFo.RI/NZnRJa.1reuSn40NzDyBzLKqW3UD8kznbqSu/XTly','2017-02-03 10:43:53',NULL,NULL,'a:0:{}','Damien','Torres','H','Collégien',15,42,0,NULL,NULL),(53,'salifsimakha','salifsimakha','zale2656@gmail.com','zale2656@gmail.com',1,NULL,'$2y$13$du1KOEvjFsrP1lSKVARGGuzQxb8oJcjEAPPfW8BLyAvBZWm3Kxl8e','2017-02-03 10:59:04',NULL,NULL,'a:0:{}','Salif','SIMAKHA','H','Lycéen',17,1,0,4,NULL),(54,'totoine','totoine','antoinemeens@gmail.com','antoinemeens@gmail.com',1,NULL,'$2y$13$KN2kw.SoMY9oKKeK79xteuDwLmoou94PT2cHtms.FlMdjzFkLL2h2','2017-02-03 12:10:18',NULL,NULL,'a:0:{}','Antoine','Meens','H','Autre',23,38,0,NULL,NULL),(55,'Raphy','raphy','raphael.faugier@sfr.fr','raphael.faugier@sfr.fr',1,NULL,'$2y$13$aZwcLA16cwUsNZoT1uch8.2Vnus78YKn0TVLlvBhREyUIv4hZqyY6','2017-02-03 12:16:28',NULL,NULL,'a:0:{}','Raphaël','FAUGIER','H','Etudiant',19,69,1,3,NULL),(56,'clem.dech','clem.dech','clem-tout@hotmail.fr','clem-tout@hotmail.fr',1,NULL,'$2y$13$aDGZCT7aIlq.0VZONpNXcOBeE7AejniJ3abS3rEaqwjJVrWUdb1yq','2017-02-03 13:16:57',NULL,NULL,'a:0:{}','Clementine','De chavagnac','F','Etudiant',18,38,1,NULL,NULL),(57,'flora','flora','cocoflora@free.fr','cocoflora@free.fr',1,NULL,'$2y$13$eunr8j0ehzpJNizjpjUMJOrxSJnvTZisvIteHGnf.SXW/NwFznvYK','2017-02-03 13:19:45',NULL,NULL,'a:0:{}','flora','cacciaguerra','F','Collégien',12,38,0,NULL,NULL),(58,'marlene69b','marlene69b','marlene69b@hotmail.fr','marlene69b@hotmail.fr',1,NULL,'$2y$13$QhgGjCk5B3T01o9/0Qnq/OISCgpwJbSPVQH.LxZ/r2bW5JJ3nnCNK','2017-02-03 13:56:25',NULL,NULL,'a:0:{}','marlene','gassin','F','Salarié',36,38,1,4,NULL),(59,'Julfkfk','julfkfk','julien.socialnetwork@gmail.com','julien.socialnetwork@gmail.com',1,NULL,'$2y$13$dK4b8vXfzioErkUf95yKjO3CzzbHoap7Puk9dMllgjMZJumzTCIQO','2017-02-03 14:10:05',NULL,NULL,'a:0:{}','Julien','GARCIA','H','Etudiant',18,69,0,4,'Bonne organisation et bon accueil visiteurs'),(60,'Leo','leo','leo.broussard@orange.fr','leo.broussard@orange.fr',1,NULL,'$2y$13$Uqbxbyitl80CVfk8SOt80eAQaelcYxOkIpLaNbJmwEvHd/uPWywY2','2017-02-03 14:21:14',NULL,NULL,'a:0:{}','Leo','Broussard','H','Collégien',15,7,0,4,NULL),(61,'Stanmenetrieux','stanmenetrieux','stan.menetrieux@gmail.com','stan.menetrieux@gmail.com',1,NULL,'$2y$13$PYqMGiqhXjVVVSpDT4H/VeRWXCXltExjS1yGDiYrA7mj5PwUJluhq','2017-02-03 14:21:28',NULL,NULL,'a:0:{}','Stan','Menetrieux','H','Lycéen',15,69,0,4,NULL),(62,'Hebdo','hebdo','matheo.lapena@gmail.com','matheo.lapena@gmail.com',1,NULL,'$2y$13$b7xfOettW0FwJx5gYzHWIOzHmiWP/4rDmE22Ca.m5I5m6DPlhzijS','2017-02-03 14:25:35',NULL,NULL,'a:0:{}','Matheo','Lapena','H','Collégien',14,7,0,4,'Nickel rien a redire'),(63,'Axelle-slv','axelle-slv','x-axou-x@hotmail.fr','x-axou-x@hotmail.fr',1,NULL,'$2y$13$hb1lEGh8GZRvHDyPrY6s.OtVOTruhVT1vAyYEq2Iz9OhxjQpRIhYe','2017-02-03 14:44:05',NULL,NULL,'a:0:{}','Axelle','Silva','F','Demandeur d\'emploi',26,69,0,4,'Application pratique, simple à utiliser, intuitive, j\'ai hâte de voir la suite !'),(64,'Lucie.aurand@','lucie.aurand@','lucie.aurand@gmail.com','lucie.aurand@gmail.com',1,NULL,'$2y$13$dy5Jzkyau8rPPQWjktuLcO11lL1EuuwzXGQJGthe00x6mGSPp1.sa','2017-02-03 15:14:38',NULL,NULL,'a:0:{}','Lucie','Aurand','F','Etudiant',21,69,0,4,NULL),(65,'Quentinr','quentinr','quentin.rollet.qr@gmail.com','quentin.rollet.qr@gmail.com',1,NULL,'$2y$13$9da0V4Y7SWp8q/JRtltO1OynZro1kiKUb/tFOttEgsMbmSs6Nw0HW','2017-02-03 15:25:48',NULL,NULL,'a:0:{}','Quentin','Rollet','H','Demandeur d\'emploi',18,26,0,NULL,NULL),(66,'ombeline','ombeline','laurent.furrer@neuf.fr','laurent.furrer@neuf.fr',1,NULL,'$2y$13$DBycTuK2522So92oWCl6ouMU19cMRBduYc.hqcs8lY2MbPxwWeY8u','2017-02-03 18:46:42',NULL,NULL,'a:0:{}','Ombeline','FURRER','F','Collégien',13,38,0,3,NULL),(67,'Mathnicoles','mathnicoles','MATHNICOLES@GMAIL.COM','mathnicoles@gmail.com',1,NULL,'$2y$13$ujcZV5jjyaWRpX.PD198JO3OJ7wb/or4AoR.rQiwkyRCGx75COoC6','2017-02-03 19:08:19',NULL,NULL,'a:0:{}','NICOLAS','MATHIAS','H','Etudiant',20,69,0,NULL,NULL),(68,'Marchand','marchand','n.marchand@neuf.fr','n.marchand@neuf.fr',1,NULL,'$2y$13$rmiArdX9liw9fxaVC5NtWuSo5f49Pnif4x4r5K176uycsQmzx3f.K','2017-02-03 23:23:13',NULL,NULL,'a:0:{}','Marchand','Natalie','F','Adulte en réorientation',42,69,0,3,NULL),(69,'marionferraria','marionferraria','marionferraria@gmail.com','marionferraria@gmail.com',1,NULL,'$2y$13$IoWrq5kiW.r/d65Ff8cageLk/xn6pW6dNxMhbETMGO1yFh8ue5w0m','2017-02-04 06:58:07',NULL,NULL,'a:0:{}','Marion','FERRARIA','F','Etudiant',22,69,1,NULL,NULL),(70,'bat.desplat','bat.desplat','bat.desplat@gmail.com','bat.desplat@gmail.com',1,NULL,'$2y$13$f.29QrT4EiWN2xWXEF1g9e01o7BMSKF7G6K/8ntmXbOVgcMahFBS6','2017-02-04 09:12:08',NULL,NULL,'a:0:{}','Baptiste','Desplat','H','Collégien',14,38,0,4,'C\'était vraiment très intéressant. Moi, je suis surtout aller à santé social avec une dame très intéressante...'),(71,'Safia','safia','safia.bouguir@gmail.com','safia.bouguir@gmail.com',1,NULL,'$2y$13$AJPyIuSdGOtmCm2vtH6sjONc7J4mTISCWlm4jtgN4jHAw0hN4RhOC','2017-02-04 09:13:02',NULL,NULL,'a:0:{}','Safia','Bouguir','F','Demandeur d\'emploi',40,73,1,NULL,NULL),(72,'Melissa','melissa','m.tanon@mondial-metiers.com','m.tanon@mondial-metiers.com',1,NULL,'$2y$13$OUapn/d/QiaDbchUtMu5zuNbpUZP4S11oAqTX0.vCurzsK7G8QEBK','2017-02-04 09:33:34',NULL,NULL,'a:0:{}','Melissa','TANON','F','Salarié',29,69,0,3,NULL),(73,'Nark','nark','mateo.charvolin@gmail.com','mateo.charvolin@gmail.com',1,NULL,'$2y$13$b34IVxda.lhCUeg4oyPHQuRsKYBj301eh88gaZ7W2n2Mb.k808Jwy','2017-02-04 09:54:34',NULL,NULL,'a:0:{}','Mateo','Charvolin','H','Lycéen',16,69,0,NULL,NULL),(74,'Léonie','léonie','leonietia@orange.fr','leonietia@orange.fr',1,NULL,'$2y$13$Bh3vxrTadwoFr3P/HWuhCe7cB3Jke/WCvURE2oHTnyuwgf4dsAF8K','2017-02-04 10:46:55',NULL,NULL,'a:0:{}','Léonie','Michel','F','Etudiant',18,69,0,NULL,NULL),(75,'Patrices','patrices','patrice.duverdier@etencheite.fr','patrice.duverdier@etencheite.fr',1,NULL,'$2y$13$6zEbLFnCOr2cHDxUHRHwnOqXqwD.sYuQU246yxOuIAm2pajH9ESiq','2017-02-04 10:56:15',NULL,NULL,'a:0:{}','Patrice','Rochon du Verdier','H','Parent',48,69,0,NULL,NULL);
/*!40000 ALTER TABLE `user` ENABLE KEYS */;
UNLOCK TABLES;
/*!40103 SET TIME_ZONE=@OLD_TIME_ZONE */;

/*!40101 SET SQL_MODE=@OLD_SQL_MODE */;
/*!40014 SET FOREIGN_KEY_CHECKS=@OLD_FOREIGN_KEY_CHECKS */;
/*!40014 SET UNIQUE_CHECKS=@OLD_UNIQUE_CHECKS */;
/*!40101 SET CHARACTER_SET_CLIENT=@OLD_CHARACTER_SET_CLIENT */;
/*!40101 SET CHARACTER_SET_RESULTS=@OLD_CHARACTER_SET_RESULTS */;
/*!40101 SET COLLATION_CONNECTION=@OLD_COLLATION_CONNECTION */;
/*!40111 SET SQL_NOTES=@OLD_SQL_NOTES */;

-- Dump completed on 2017-02-04 11:03:32
